id,building_name,image_url,detail,access,address,created_at,updated_at,fee1,fee2,,,,,,,,,,,,,,,,,,,,,,,,,,,,,,,,,,,,,,,,,,,,,,,,,,,,,,,,,,,,,,,,,,,,,,,,,,,,
5833,ホテル京阪 ユニバーサル・タワー,/yad302815/?stayCount=1&roomCount=1&adultNum=2&stayDay=&stayYear=&stayMonth=&dateUndecided=1&distCd=01&roomCrack=200000&screenId=UWW1402&yadNo=302815&callbackHistFlg=1,大切な人との贅沢で特別な時間を☆客室からの煌びやかな夜景に思わずうっとり♪ユニバーサル・スタジオ・ジャパン(R)【USJ】まで徒歩すぐ！パークで疲れた体を癒し、心を満たす天然展望温泉は当ホテルだけ！,【アクセス】JRゆめ咲線ユニバーサルシティ駅に隣接！阪神高速2号淀川左岸線ユニバーサルシティ出口より車で約5分,エリア ： 大阪府 > ユニバーサルシティ,2016-03-27 10:23:31,2016-03-27 10:23:31,"￥11,666〜","（￥5,833〜/人）",,,,,,,,,,,,,,,,,,,,,,,,,,,,,,,,,,,,,,,,,,,,,,,,,,,,,,,,,,,,,,,,,,,,,,,,,,,,
5834,ホテル ユニバーサル ポート,/yad327998/?stayCount=1&roomCount=1&adultNum=2&stayDay=&stayYear=&stayMonth=&dateUndecided=1&distCd=01&roomCrack=200000&screenId=UWW1402&yadNo=327998&callbackHistFlg=1,赤ちゃん・お子さま連れのご家族がのんびり楽しめるお部屋や、6名様でワイワイできるお部屋など、楽しい仕掛けが盛りだくさんのリゾート＆エンターテインメントホテル！バスルームはうれしい洗い場付☆,【アクセス】JRユニバーサルシティ駅下車（改札を出て右の出口）徒歩3分。阪神高速ユニバーサルシティ出口より車で5分。,エリア ： 大阪府 > ユニバーサルシティ,2016-03-27 10:23:31,2016-03-27 10:23:31,"￥15,740〜","（￥7,870〜/人）",,,,,,,,,,,,,,,,,,,,,,,,,,,,,,,,,,,,,,,,,,,,,,,,,,,,,,,,,,,,,,,,,,,,,,,,,,,,
5835,The Park Front Hotel at Universal Studios Japan(R),/yad345931/?stayCount=1&roomCount=1&adultNum=2&stayDay=&stayYear=&stayMonth=&dateUndecided=1&distCd=01&roomCrack=200000&screenId=UWW1402&yadNo=345931&callbackHistFlg=1,ザパークフロントホテルに一歩足を踏み入れると、そこはまるでパークの本場USA。タイムマシンさながらの光のエレベーターに乗り、時空を超えたアメリカの旅へスタート！,【アクセス】大阪駅よりＪＲ（環状線・ゆめ咲線）にてユニバーサルシティ駅より徒歩1分,エリア ： 大阪府 > ユニバーサルシティ,2016-03-27 10:23:31,2016-03-27 10:23:31,"￥16,666〜","（￥8,333〜/人）",,,,,,,,,,,,,,,,,,,,,,,,,,,,,,,,,,,,,,,,,,,,,,,,,,,,,,,,,,,,,,,,,,,,,,,,,,,,
5836,ホテルユタカウイング,/yad306748/?stayCount=1&roomCount=1&adultNum=2&stayDay=&stayYear=&stayMonth=&dateUndecided=1&distCd=01&roomCrack=200000&screenId=UWW1402&yadNo=306748&callbackHistFlg=1,◆マリンスポーツやアウトレットのショッピングに〜ご旅行の前・後泊に！6階大浴場完備（男女入れ替制）で旅の疲れを癒していただけます。＝無料送迎付＝,【アクセス】りんくうタウン駅にお迎えご希望の方はご予約時ご連絡ください。１６：００〜２３：００迄　要予約,エリア ： 大阪府 > 関空・泉佐野・岬,2016-03-27 10:23:31,2016-03-27 10:23:31,"￥8,518〜",（￥-/室）,,,,,,,,,,,,,,,,,,,,,,,,,,,,,,,,,,,,,,,,,,,,,,,,,,,,,,,,,,,,,,,,,,,,,,,,,,,,
5837,ベルビューガーデンホテル 関西空港,/yad310389/?stayCount=1&roomCount=1&adultNum=2&stayDay=&stayYear=&stayMonth=&dateUndecided=1&distCd=01&roomCrack=200000&screenId=UWW1402&yadNo=310389&callbackHistFlg=1,★早朝便に間に合うホテルバスでの送り付プラン販売中★関空⇔ホテルシャトルバス約１５分★ホテル目の前にスーパー＆徒歩２〜３分にコンビニ３店舗（お買い物に便利です）全室２２,,エリア ： 大阪府 > 関空・泉佐野・岬,2016-03-27 10:23:31,2016-03-27 10:23:31,"￥12,962〜","（￥6,481〜/人）",,,,,,,,,,,,,,,,,,,,,,,,,,,,,,,,,,,,,,,,,,,,,,,,,,,,,,,,,,,,,,,,,,,,,,,,,,,,
5838,夕日の宿　龍宮館,/yad314970/?stayCount=1&roomCount=1&adultNum=2&stayDay=&stayYear=&stayMonth=&dateUndecided=1&distCd=01&roomCrack=200000&screenId=UWW1402&yadNo=314970&callbackHistFlg=1,大阪の西南端！つつじの名所として名高い｢淡輪遊園｣の高台にあり、眺望抜群の落ち着いた客室からは、大阪湾を一望。新鮮な地元の食材を活かした季節の魚料理が大好評！昼食や会食にも利用できる。,【アクセス】和歌山市行急行40分尾崎駅乗換、南海電鉄線淡輪駅徒歩7分。,エリア ： 大阪府 > 関空・泉佐野・岬,2016-03-27 10:23:31,2016-03-27 10:23:31,"￥12,000〜","（￥6,000〜/人）",,,,,,,,,,,,,,,,,,,,,,,,,,,,,,,,,,,,,,,,,,,,,,,,,,,,,,,,,,,,,,,,,,,,,,,,,,,,
5839,み奈美亭,/yad323695/?stayCount=1&roomCount=1&adultNum=2&stayDay=&stayYear=&stayMonth=&dateUndecided=1&distCd=01&roomCrack=200000&screenId=UWW1402&yadNo=323695&callbackHistFlg=1,渓流の水の音に耳を傾けながら、温泉情緒にひたる。緑濃き自然に目を遣れば、思わず深呼吸したくなる。大阪近郊の秘湯として人気のある犬鳴山温泉み奈美亭で心の安らぐひとときをお過ごし下さいませ。,【アクセス】阪和自動車道上之郷ＩＣ〜上之郷ＩＣを降り信号直進。新前川橋信号右折,エリア ： 大阪府 > 関空・泉佐野・岬,2016-03-27 10:23:31,2016-03-27 10:23:31,"￥22,777〜","（￥11,388〜/人）",,,,,,,,,,,,,,,,,,,,,,,,,,,,,,,,,,,,,,,,,,,,,,,,,,,,,,,,,,,,,,,,,,,,,,,,,,,,
5840,ホテル日航関西空港,/yad324560/?stayCount=1&roomCount=1&adultNum=2&stayDay=&stayYear=&stayMonth=&dateUndecided=1&distCd=01&roomCrack=200000&screenId=UWW1402&yadNo=324560&callbackHistFlg=1,空港から歩いてチェックイン！関空唯一のロケーションは、出張や旅行の前後泊に最適！空港という非日常感とリゾート気分の開放感をお届けします。全客室有線＆無線LAN（Wi-Fi）インターネット接続無料！,【アクセス】JR・南海「関西空港駅」直結、阪神高速湾岸線りんくう出口より１０分,エリア ： 大阪府 > 関空・泉佐野・岬,2016-03-27 10:23:31,2016-03-27 10:23:31,"￥8,796〜","（￥4,398〜/人）",,,,,,,,,,,,,,,,,,,,,,,,,,,,,,,,,,,,,,,,,,,,,,,,,,,,,,,,,,,,,,,,,,,,,,,,,,,,
5841,スターゲイトホテル関西エアポート(旧 全日空ゲートタワー),/yad331817/?stayCount=1&roomCount=1&adultNum=2&stayDay=&stayYear=&stayMonth=&dateUndecided=1&distCd=01&roomCrack=200000&screenId=UWW1402&yadNo=331817&callbackHistFlg=1,ここにしかない！絶景夜景☆彡がお出迎え。全客室デュベ＆オーシャンビュー＆有線・Wi-Fiネット無料の超高層ホテル。りんくうタウン駅直結（関空まで5分）『関西空港←→ホテル』無料シャトルバス実施中！,【アクセス】「関空←→ホテル」無料シャトルバス（約10分）！JR・南海｢りんくうタウン｣駅（関空から5分）3番出口直結,エリア ： 大阪府 > 関空・泉佐野・岬,2016-03-27 10:23:31,2016-03-27 10:23:31,"￥14,814〜","（￥7,407〜/人）",,,,,,,,,,,,,,,,,,,,,,,,,,,,,,,,,,,,,,,,,,,,,,,,,,,,,,,,,,,,,,,,,,,,,,,,,,,,
5842,おかの旅館,/yad354762/?stayCount=1&roomCount=1&adultNum=2&stayDay=&stayYear=&stayMonth=&dateUndecided=1&distCd=01&roomCrack=200000&screenId=UWW1402&yadNo=354762&callbackHistFlg=1,大阪府下唯一残っている自然海岸が目の前にあり、海まで３０秒。宿からは美しい夕陽を眺めることができ、みさき公園の隣徒歩8分（日・祝日2分）と遊びに行くのに便利。お昼の食事のみや各種宴会も承ります。,【アクセス】南海電鉄本線、和歌山市行き特急サザン４５分・急行５０分みさき公園駅徒歩１５分,エリア ： 大阪府 > 関空・泉佐野・岬,2016-03-27 10:23:31,2016-03-27 10:23:31,"￥10,740〜","（￥5,370〜/人）",,,,,,,,,,,,,,,,,,,,,,,,,,,,,,,,,,,,,,,,,,,,,,,,,,,,,,,,,,,,,,,,,,,,,,,,,,,,
5843,犬鳴山いこいの家,/yad370328/?stayCount=1&roomCount=1&adultNum=2&stayDay=&stayYear=&stayMonth=&dateUndecided=1&distCd=01&roomCrack=200000&screenId=UWW1402&yadNo=370328&callbackHistFlg=1,関西空港から約30分の犬鳴山にあるロッジ。和風と洋風の建物があり、バラエティ豊か。少人数からの利用も可能。グループ・家族で犬鳴山の季節の変化を楽しむことができる。（カフェ空は木曜定休です）,【アクセス】関西空港車30分。泉佐野南ＩＣ３０分。上之郷ＩＣ１５分。泉佐野駅バスで約30分。日根野駅熊取駅バス２０分,エリア ： 大阪府 > 関空・泉佐野・岬,2016-03-27 10:23:31,2016-03-27 10:23:31,"￥6,796〜","（￥3,398〜/人）",,,,,,,,,,,,,,,,,,,,,,,,,,,,,,,,,,,,,,,,,,,,,,,,,,,,,,,,,,,,,,,,,,,,,,,,,,,,
5844,関西エアポートワシントンホテル,/yad387723/?stayCount=1&roomCount=1&adultNum=2&stayDay=&stayYear=&stayMonth=&dateUndecided=1&distCd=01&roomCrack=200000&screenId=UWW1402&yadNo=387723&callbackHistFlg=1,2015年4月1日から空港⇔ホテル間のシャトルバス時刻表が変更になります。詳しくは、ホテルまでお問合せください。,【アクセス】2015年4月1日から空港⇔ホテル間のシャトルバス時刻表が変更になります。詳しくはお問合せください。,エリア ： 大阪府 > 関空・泉佐野・岬,2016-03-27 10:23:31,2016-03-27 10:23:31,"￥12,962〜","（￥6,481〜/人）",,,,,,,,,,,,,,,,,,,,,,,,,,,,,,,,,,,,,,,,,,,,,,,,,,,,,,,,,,,,,,,,,,,,,,,,,,,,
5845,アパホテル＜関空岸和田＞,/yad327066/?stayCount=1&roomCount=1&adultNum=2&stayDay=&stayYear=&stayMonth=&dateUndecided=1&distCd=01&roomCrack=200000&screenId=UWW1402&yadNo=327066&callbackHistFlg=1,勝手ながら本年４月中旬より下旬にかけて空調更新工事をさせて頂きます。その為工事期間中での空調が使用不可となります。多大なるご迷惑をお掛け致しますが何卒ご理解とご協力の程宜しくお願い致します。,【アクセス】南海本線岸和田駅下車徒歩3分。車の場合、阪和道〜岸和田和泉下車26号線に向かい10分程,エリア ： 大阪府 > 岸和田・貝塚,2016-03-27 10:23:31,2016-03-27 10:23:31,"￥6,481〜","（￥3,240〜/人）",,,,,,,,,,,,,,,,,,,,,,,,,,,,,,,,,,,,,,,,,,,,,,,,,,,,,,,,,,,,,,,,,,,,,,,,,,,,
5846,大阪シティホテル京橋,/yad310465/?stayCount=1&roomCount=1&adultNum=2&stayDay=&stayYear=&stayMonth=&dateUndecided=1&distCd=01&roomCrack=200000&screenId=UWW1402&yadNo=310465&callbackHistFlg=1,◇ＪＲ、地下鉄、京阪の各「京橋駅」徒歩４分【徒歩で】大阪城ホール１２分・OBP８分♪【電車で】ＵＳＪ・海遊館・京都へもアクセス抜群◇ご朝食無料セルフサービス◆コンビニもすぐ♪,【アクセス】JR京橋駅「北口」「西口」徒歩４分、京阪京橋駅「片町口」・地下鉄京橋駅「５番階段」徒歩２分,エリア ： 大阪府 > 京橋・鶴見緑地,2016-03-27 10:23:31,2016-03-27 10:23:31,"￥8,148〜","（￥4,074〜/人）",,,,,,,,,,,,,,,,,,,,,,,,,,,,,,,,,,,,,,,,,,,,,,,,,,,,,,,,,,,,,,,,,,,,,,,,,,,,
5847,大阪リバーサイドホテル,/yad313998/?stayCount=1&roomCount=1&adultNum=2&stayDay=&stayYear=&stayMonth=&dateUndecided=1&distCd=01&roomCrack=200000&screenId=UWW1402&yadNo=313998&callbackHistFlg=1,大川（旧淀川）の傍にあるホテルです。大阪の街並みを眺められる最上階のレストラン「スカイレインボー」でのお食事もおすすめです。皆様のご来館を心よりお待ち申し上げます。,【アクセス】JR大阪駅より環状線「桜ノ宮駅」で下車、西出口より徒歩３分。,エリア ： 大阪府 > 京橋・鶴見緑地,2016-03-27 10:23:31,2016-03-27 10:23:31,"￥8,148〜","（￥4,074〜/人）",,,,,,,,,,,,,,,,,,,,,,,,,,,,,,,,,,,,,,,,,,,,,,,,,,,,,,,,,,,,,,,,,,,,,,,,,,,,
5848,ホテル京阪 京橋,/yad314868/?stayCount=1&roomCount=1&adultNum=2&stayDay=&stayYear=&stayMonth=&dateUndecided=1&distCd=01&roomCrack=200000&screenId=UWW1402&yadNo=314868&callbackHistFlg=1,大阪(梅田)駅から3駅約10分！USJへ直通電車で約20分♪大阪城ホールや京セラドームへも乗り換えなしの好立地♪人気の朝食はオレンジ・ピーチ・パイナップルをブレンドした名物・ミックスジュースがおすすめ☆,【アクセス】◆京阪京橋駅直結◆JR環状線京橋駅(北出口)1分◆地下鉄長堀鶴見緑地線京橋駅徒歩3分,エリア ： 大阪府 > 京橋・鶴見緑地,2016-03-27 10:23:31,2016-03-27 10:23:31,"￥8,055〜","（￥4,027〜/人）",,,,,,,,,,,,,,,,,,,,,,,,,,,,,,,,,,,,,,,,,,,,,,,,,,,,,,,,,,,,,,,,,,,,,,,,,,,,
5849,Ｓａｋｕｒａ　Ｇａｒｄｅｎ　Ｈｏｔｅｌ,/yad336115/?stayCount=1&roomCount=1&adultNum=2&stayDay=&stayYear=&stayMonth=&dateUndecided=1&distCd=01&roomCrack=200000&screenId=UWW1402&yadNo=336115&callbackHistFlg=1,環状線桜ノ宮駅徒歩６分。癒しと健康をテーマにしたホテル。ベッドはシモンズ製、全室洗い場付のバスルーム、客室のビデオ、マッサージ機、フィットネスジムも無料です。大阪にお越しの際は是非当館へ。,【アクセス】ＪＲ大阪環状線桜ノ宮駅徒歩６分,エリア ： 大阪府 > 京橋・鶴見緑地,2016-03-27 10:23:31,2016-03-27 10:23:31,"￥17,000〜","（￥8,500〜/人）",,,,,,,,,,,,,,,,,,,,,,,,,,,,,,,,,,,,,,,,,,,,,,,,,,,,,,,,,,,,,,,,,,,,,,,,,,,,
5850,ホテルユーナス,/yad336666/?stayCount=1&roomCount=1&adultNum=2&stayDay=&stayYear=&stayMonth=&dateUndecided=1&distCd=01&roomCrack=200000&screenId=UWW1402&yadNo=336666&callbackHistFlg=1,梅田から10分ながら古き良き浪速の雰囲気漂う街。近くには商店街やコンビニ、ファーストフードなど便利な立地が魅力。通常でもアウト11時とゆっくりで女性同士、ファミリーにも嬉しいホテル。,【アクセス】地下鉄谷町線都島駅下車徒歩３分、阪神高速１２号（守口線）長柄出口より５分。,エリア ： 大阪府 > 京橋・鶴見緑地,2016-03-27 10:23:31,2016-03-27 10:23:31,"￥7,037〜","（￥3,518〜/人）",,,,,,,,,,,,,,,,,,,,,,,,,,,,,,,,,,,,,,,,,,,,,,,,,,,,,,,,,,,,,,,,,,,,,,,,,,,,
5851,国際障害者交流センター（ビッグ・アイ）,/yad301307/?stayCount=1&roomCount=1&adultNum=2&stayDay=&stayYear=&stayMonth=&dateUndecided=1&distCd=01&roomCrack=200000&screenId=UWW1402&yadNo=301307&callbackHistFlg=1,障害者の方から強い支持を得ておりますビッグ・アイ。もちろん、健常者様もご利用頂けます。場所も泉北高速鉄道泉ヶ丘駅からゆっくりと歩いて３分程度。屋根付き陸橋だから、傘いらずです。,【アクセス】泉北高速鉄道「泉ヶ丘駅」から約200ｍ,エリア ： 大阪府 > 堺・泉大津,2016-03-27 10:23:31,2016-03-27 10:23:31,"￥10,000〜","（￥5,000〜/人）",,,,,,,,,,,,,,,,,,,,,,,,,,,,,,,,,,,,,,,,,,,,,,,,,,,,,,,,,,,,,,,,,,,,,,,,,,,,
5852,ホテルサンプラザ堺本館,/yad318139/?stayCount=1&roomCount=1&adultNum=2&stayDay=&stayYear=&stayMonth=&dateUndecided=1&distCd=01&roomCrack=200000&screenId=UWW1402&yadNo=318139&callbackHistFlg=1,リーズナブルな料金でホスピタリティあふれるおもてなしを。コストパフォーマンスにすぐれ、長期滞在にもオススメ☆高評価な朝食は、ご宿泊の際にはぜびお試しを。,【アクセス】南海本線　堺駅東口より　徒歩５分　　　　阪神高速大浜出口より　車で　３分のところにあります,エリア ： 大阪府 > 堺・泉大津,2016-03-27 10:23:31,2016-03-27 10:23:31,"￥5,555〜","（￥2,777〜/人）",,,,,,,,,,,,,,,,,,,,,,,,,,,,,,,,,,,,,,,,,,,,,,,,,,,,,,,,,,,,,,,,,,,,,,,,,,,,
5853,ビジネスホテル　ニュー大浜,/yad341120/?stayCount=1&roomCount=1&adultNum=2&stayDay=&stayYear=&stayMonth=&dateUndecided=1&distCd=01&roomCrack=200000&screenId=UWW1402&yadNo=341120&callbackHistFlg=1,ミナミや梅田等の繁華街や関空へもアクセス便利♪魅力的な価格と「おかえりなさい」が心地いいホテルです。,【アクセス】南海本線「堺駅」南出口より徒歩約8分（プラットホームより南出口に）,エリア ： 大阪府 > 堺・泉大津,2016-03-27 10:23:31,2016-03-27 10:23:31,"￥5,703〜","（￥2,851〜/人）",,,,,,,,,,,,,,,,,,,,,,,,,,,,,,,,,,,,,,,,,,,,,,,,,,,,,,,,,,,,,,,,,,,,,,,,,,,,
5854,スーパーホテル堺マリティマ,/yad347418/?stayCount=1&roomCount=1&adultNum=2&stayDay=&stayYear=&stayMonth=&dateUndecided=1&distCd=01&roomCrack=200000&screenId=UWW1402&yadNo=347418&callbackHistFlg=1,南海本線堺駅から徒歩７分。健康無料朝食付き【６:３０〜８:３０まで】営業時間【１５：００〜深夜２４：００】以降の時間お手続き、ご対応頂けません。駐車場￥1000/泊【完全お電話予約制】,【アクセス】地下鉄御堂筋線灘波駅下車、南海本線に乗換堺駅下車徒歩７分。,エリア ： 大阪府 > 堺・泉大津,2016-03-27 10:23:31,2016-03-27 10:23:31,"￥7,129〜",（￥-/室）,,,,,,,,,,,,,,,,,,,,,,,,,,,,,,,,,,,,,,,,,,,,,,,,,,,,,,,,,,,,,,,,,,,,,,,,,,,,
5855,堺ゲストハウス,/yad347806/?stayCount=1&roomCount=1&adultNum=2&stayDay=&stayYear=&stayMonth=&dateUndecided=1&distCd=01&roomCrack=200000&screenId=UWW1402&yadNo=347806&callbackHistFlg=1,関西空港に一番近いゲストハウス！！ピーチ等LCCご利用の方に最適！難波・天王寺まで電車で約１０分　出張・旅行・ライダー・チャリダーetc...どなた様もお気軽にお越し下さいませ。HOSTEL＆ENJOY!,【アクセス】南海本線堺駅南改札口より徒歩6分　　　阪堺線　宿院駅より徒歩9分,エリア ： 大阪府 > 堺・泉大津,2016-03-27 10:23:31,2016-03-27 10:23:31,"￥5,555〜","（￥2,777〜/人）",,,,,,,,,,,,,,,,,,,,,,,,,,,,,,,,,,,,,,,,,,,,,,,,,,,,,,,,,,,,,,,,,,,,,,,,,,,,
5856,ダイワロイネットホテル堺東,/yad358825/?stayCount=1&roomCount=1&adultNum=2&stayDay=&stayYear=&stayMonth=&dateUndecided=1&distCd=01&roomCrack=200000&screenId=UWW1402&yadNo=358825&callbackHistFlg=1,全室有線＆無線LAN（Wi-Fi）無料！難波まで電車で約12分！堺の中心地に位置し大阪市内へのアクセスも良好！ビジネスや観光の拠点にオススメ！女性のお客様にはレディースアメニティをプレゼント♪,【アクセス】南海高野線堺東駅より徒歩約5分,エリア ： 大阪府 > 堺・泉大津,2016-03-27 10:23:31,2016-03-27 10:23:31,"￥8,796〜","（￥4,398〜/人）",,,,,,,,,,,,,,,,,,,,,,,,,,,,,,,,,,,,,,,,,,,,,,,,,,,,,,,,,,,,,,,,,,,,,,,,,,,,
5857,ホテル・アゴーラリージェンシー堺,/yad392864/?stayCount=1&roomCount=1&adultNum=2&stayDay=&stayYear=&stayMonth=&dateUndecided=1&distCd=01&roomCrack=200000&screenId=UWW1402&yadNo=392864&callbackHistFlg=1,全室無料Wi-Fi☆エグゼクティブフロア宿泊の方限定ラウンジでのご朝食＆軽食・バータイムも大好評♪なんばから急行で9分☆南海本線「堺駅」直結☆関西国際空港へ特急で２5分☆大阪駅（梅田）から約40分,【アクセス】南海本線難波駅より急行で９分、堺駅西口に直結,エリア ： 大阪府 > 堺・泉大津,2016-03-27 10:23:31,2016-03-27 10:23:31,"￥12,592〜","（￥6,296〜/人）",,,,,,,,,,,,,,,,,,,,,,,,,,,,,,,,,,,,,,,,,,,,,,,,,,,,,,,,,,,,,,,,,,,,,,,,,,,,
5858,長居パークホテル,/yad366668/?stayCount=1&roomCount=1&adultNum=2&stayDay=&stayYear=&stayMonth=&dateUndecided=1&distCd=01&roomCrack=200000&screenId=UWW1402&yadNo=366668&callbackHistFlg=1,大阪市営地下鉄・長居駅2番出口より徒歩2分、JR阪和線長居駅より徒歩1分。閑静で落ち着いた街並みの中に、当館はございます。,【アクセス】地下鉄長居駅徒歩3分JR阪和線長居駅徒歩1分,エリア ： 大阪府 > 住吉・長居公園,2016-03-27 10:23:31,2016-03-27 10:23:31,"￥8,148〜","（￥4,074〜/人）",,,,,,,,,,,,,,,,,,,,,,,,,,,,,,,,,,,,,,,,,,,,,,,,,,,,,,,,,,,,,,,,,,,,,,,,,,,,
5859,アパホテル＜天王寺駅前＞,/yad315071/?stayCount=1&roomCount=1&adultNum=2&stayDay=&stayYear=&stayMonth=&dateUndecided=1&distCd=01&roomCrack=200000&screenId=UWW1402&yadNo=315071&callbackHistFlg=1,大阪市内中心部はもちろん、奈良・和歌山方面や伊丹空港、関西国際空港への移動にも便利◎あべのハルカスまで徒歩3分、天王寺動物園まで徒歩5分、通天閣・スパワールドまで徒歩15分、USJまで電車20分♪,【アクセス】地下鉄各線「天王寺」駅,エリア ： 大阪府 > 上本町・天王寺・阿倍野,2016-03-27 10:23:31,2016-03-27 10:23:31,"￥7,407〜","（￥3,703〜/人）",,,,,,,,,,,,,,,,,,,,,,,,,,,,,,,,,,,,,,,,,,,,,,,,,,,,,,,,,,,,,,,,,,,,,,,,,,,,
5860,ゲストハウスおどり,/yad332804/?stayCount=1&roomCount=1&adultNum=2&stayDay=&stayYear=&stayMonth=&dateUndecided=1&distCd=01&roomCrack=200000&screenId=UWW1402&yadNo=332804&callbackHistFlg=1,築80年の日本家屋。懐かしい縁側。素朴な中庭と坪庭と。今では懐かしい商店街。威勢のいいおじちゃんにおばちゃん。散歩がてらに通天閣や四天王寺はいかが？人と大阪との出会いをお楽しみください。,【アクセス】天王寺から一駅、美章園駅から徒歩1分。天王寺から徒歩20分。地下鉄文の里駅から徒歩10分。,エリア ： 大阪府 > 上本町・天王寺・阿倍野,2016-03-27 10:23:31,2016-03-27 10:23:31,"￥7,037〜","（￥3,518〜/人）",,,,,,,,,,,,,,,,,,,,,,,,,,,,,,,,,,,,,,,,,,,,,,,,,,,,,,,,,,,,,,,,,,,,,,,,,,,,
5861,ホテルトラスティ大阪阿倍野,/yad333535/?stayCount=1&roomCount=1&adultNum=2&stayDay=&stayYear=&stayMonth=&dateUndecided=1&distCd=01&roomCrack=200000&screenId=UWW1402&yadNo=333535&callbackHistFlg=1,天王寺駅直結！京都・神戸へもすぐアクセス可能。館内に一歩踏み入れると、洗練された空間とお客様に合わせたあたたかいサービスがあなたをお出迎えします。喧騒を離れ、やすらぎのひと時をお過ごし下さい。,【アクセス】各線天王寺駅から12番出口方面地下道を通り徒歩5分、近鉄大阪阿倍野橋駅・阪堺電車天王寺駅前駅より約3分,エリア ： 大阪府 > 上本町・天王寺・阿倍野,2016-03-27 10:23:31,2016-03-27 10:23:31,"￥7,407〜","（￥3,703〜/人）",,,,,,,,,,,,,,,,,,,,,,,,,,,,,,,,,,,,,,,,,,,,,,,,,,,,,,,,,,,,,,,,,,,,,,,,,,,,
5862,天王寺都ホテル,/yad348176/?stayCount=1&roomCount=1&adultNum=2&stayDay=&stayYear=&stayMonth=&dateUndecided=1&distCd=01&roomCrack=200000&screenId=UWW1402&yadNo=348176&callbackHistFlg=1,JR・地下鉄・近鉄線と直結。観光やビジネスにもアクセス便利◎お部屋は全室加湿機能付空気清浄機を完備！,【アクセス】JR地下鉄　天王寺駅　近鉄　阿部野橋駅より直結です。,エリア ： 大阪府 > 上本町・天王寺・阿倍野,2016-03-27 10:23:31,2016-03-27 10:23:31,"￥10,000〜","（￥5,000〜/人）",,,,,,,,,,,,,,,,,,,,,,,,,,,,,,,,,,,,,,,,,,,,,,,,,,,,,,,,,,,,,,,,,,,,,,,,,,,,
5863,ＦＯＲ　ＬＥＡＶＥＳ　ＩＮＮ　上本町,/yad354650/?stayCount=1&roomCount=1&adultNum=2&stayDay=&stayYear=&stayMonth=&dateUndecided=1&distCd=01&roomCrack=200000&screenId=UWW1402&yadNo=354650&callbackHistFlg=1,安心・安全・安価・安堵見どころ満載の大阪中心にある超エコノミーホテルです。道頓堀　通天閣・アベノハルカス・・どこに行くにも近いです。,【アクセス】近鉄上本町駅から徒歩４分、地下鉄谷町九丁目駅から徒歩10分,エリア ： 大阪府 > 上本町・天王寺・阿倍野,2016-03-27 10:23:31,2016-03-27 10:23:31,"￥4,629〜",（￥-/室）,,,,,,,,,,,,,,,,,,,,,,,,,,,,,,,,,,,,,,,,,,,,,,,,,,,,,,,,,,,,,,,,,,,,,,,,,,,,
5864,大阪マリオット都ホテル,/yad363680/?stayCount=1&roomCount=1&adultNum=2&stayDay=&stayYear=&stayMonth=&dateUndecided=1&distCd=01&roomCrack=200000&screenId=UWW1402&yadNo=363680&callbackHistFlg=1,“上質なくつろぎ”に満ち、多彩なサービスを提供する高品質な国際都市型ホテル。“世界水準のホスピタリティと日本のおもてなし”をご提供いたします。,【アクセス】JR天王寺駅正面、地下鉄天王寺駅・近鉄大阪阿部野橋駅直結,エリア ： 大阪府 > 上本町・天王寺・阿倍野,2016-03-27 10:23:31,2016-03-27 10:23:31,"￥23,762〜","（￥11,881〜/人）",,,,,,,,,,,,,,,,,,,,,,,,,,,,,,,,,,,,,,,,,,,,,,,,,,,,,,,,,,,,,,,,,,,,,,,,,,,,
5865,ホテル・アゴーラ大阪守口,/yad310007/?stayCount=1&roomCount=1&adultNum=2&stayDay=&stayYear=&stayMonth=&dateUndecided=1&distCd=01&roomCrack=200000&screenId=UWW1402&yadNo=310007&callbackHistFlg=1,京阪「守口市駅」目の前！ベッドはシモンズ社製のピロートップ・ポケットコイルマットレス使用。梅田まで15分。京都まで電車で1本の好アクセス！関空からも１日20便の直行リムジンバスあり。全客室LAN無料☆,【アクセス】京阪電車守口市駅直結。地下鉄谷町線守口駅より徒歩5分。大阪駅から平常30分。新大阪駅から平常25分。,エリア ： 大阪府 > 寝屋川・守口・門真・四條畷,2016-03-27 10:23:31,2016-03-27 10:23:31,"￥8,518〜","（￥4,259〜/人）",,,,,,,,,,,,,,,,,,,,,,,,,,,,,,,,,,,,,,,,,,,,,,,,,,,,,,,,,,,,,,,,,,,,,,,,,,,,
5866,大阪守口プラザホテル大日駅前,/yad311820/?stayCount=1&roomCount=1&adultNum=2&stayDay=&stayYear=&stayMonth=&dateUndecided=1&distCd=01&roomCrack=200000&screenId=UWW1402&yadNo=311820&callbackHistFlg=1,大日駅前のリーズナブルなビジネスホテル。和洋バイキング形式の朝食無料サービス実施中!!ＪＲ大阪駅（梅田）、大阪空港（伊丹空港）からアクセス良好♪全客室に３２型液晶テレビ、空気清浄機を設置。,【アクセス】大阪市営地下鉄谷町線大日駅、または大阪モノレール大日駅　地下道5番出口より徒歩30秒,エリア ： 大阪府 > 寝屋川・守口・門真・四條畷,2016-03-27 10:23:31,2016-03-27 10:23:31,"￥7,222〜","（￥3,611〜/人）",,,,,,,,,,,,,,,,,,,,,,,,,,,,,,,,,,,,,,,,,,,,,,,,,,,,,,,,,,,,,,,,,,,,,,,,,,,,
5867,寝屋川トレンドホテル,/yad324715/?stayCount=1&roomCount=1&adultNum=2&stayDay=&stayYear=&stayMonth=&dateUndecided=1&distCd=01&roomCrack=200000&screenId=UWW1402&yadNo=324715&callbackHistFlg=1,駐車場無料（先着４２台♪）Ｗｉ−Ｆｉ館内完備（無料）☆全室洗浄機能付きトイレ完備！アメニティは女性に人気のＤＨＣ♪コンビニ徒歩５分☆朝食は美味しいパン屋さんのパン朝食☆大阪・京都に高アクセス！,【アクセス】京阪電車、寝屋川市駅より徒歩18分。近畿自動車道、摂津南or大東門真より車で20分。,エリア ： 大阪府 > 寝屋川・守口・門真・四條畷,2016-03-27 10:23:31,2016-03-27 10:23:31,"￥6,018〜","（￥3,009〜/人）",,,,,,,,,,,,,,,,,,,,,,,,,,,,,,,,,,,,,,,,,,,,,,,,,,,,,,,,,,,,,,,,,,,,,,,,,,,,
5868,ホテル　サンマルコ,/yad331797/?stayCount=1&roomCount=1&adultNum=2&stayDay=&stayYear=&stayMonth=&dateUndecided=1&distCd=01&roomCrack=200000&screenId=UWW1402&yadNo=331797&callbackHistFlg=1,◆なみはやドーム◆三井アウトレットパークまで徒歩可◎大阪中心部へのアクセス抜群。ＪＲ鴻池新田駅より徒歩約１２分駐車場:有り５０台無料◆電車徒歩で乗換なし→京セラドーム６０分→大阪城ホール４０分,【アクセス】JR東西線（学研都市線）「鴻池新田」駅より北へ徒歩約12分　近畿自動車道「大東鶴見」出口より約10分,エリア ： 大阪府 > 寝屋川・守口・門真・四條畷,2016-03-27 10:23:31,2016-03-27 10:23:31,"￥6,018〜","（￥3,009〜/人）",,,,,,,,,,,,,,,,,,,,,,,,,,,,,,,,,,,,,,,,,,,,,,,,,,,,,,,,,,,,,,,,,,,,,,,,,,,,
5869,門真ターミナルホテル,/yad350113/?stayCount=1&roomCount=1&adultNum=2&stayDay=&stayYear=&stayMonth=&dateUndecided=1&distCd=01&roomCrack=200000&screenId=UWW1402&yadNo=350113&callbackHistFlg=1,京阪電車・大阪モノレール【門真市】駅から徒歩1分！大阪空港から一直線の好ロケーション。全室デュベスタイルで快適・快眠　全室LAN（無線・有線）接続無料！朝食バイキングは焼き立てパンが大好評！,【アクセス】京阪電車・大阪モノレール「門真市」駅より徒歩１分,エリア ： 大阪府 > 寝屋川・守口・門真・四條畷,2016-03-27 10:23:31,2016-03-27 10:23:31,"￥10,185〜","（￥5,092〜/人）",,,,,,,,,,,,,,,,,,,,,,,,,,,,,,,,,,,,,,,,,,,,,,,,,,,,,,,,,,,,,,,,,,,,,,,,,,,,
5870,門真パブリックホテル,/yad370398/?stayCount=1&roomCount=1&adultNum=2&stayDay=&stayYear=&stayMonth=&dateUndecided=1&distCd=01&roomCrack=200000&screenId=UWW1402&yadNo=370398&callbackHistFlg=1,ユニバーサルスタジオジャパンやなみはやドーム・京セラドーム大阪、その他大阪都心はもとより伊丹や関西空港・京都・奈良へのアクセス抜群！観光やビジネスなど全てにおいて大変便利で快適なホテルです。,【アクセス】京阪電車・大阪モノレール『門真市駅』より徒歩３分。,エリア ： 大阪府 > 寝屋川・守口・門真・四條畷,2016-03-27 10:23:31,2016-03-27 10:23:31,"￥6,481〜","（￥3,240〜/人）",,,,,,,,,,,,,,,,,,,,,,,,,,,,,,,,,,,,,,,,,,,,,,,,,,,,,,,,,,,,,,,,,,,,,,,,,,,,
5871,ホテルインペリアル香里園,/yad392842/?stayCount=1&roomCount=1&adultNum=2&stayDay=&stayYear=&stayMonth=&dateUndecided=1&distCd=01&roomCrack=200000&screenId=UWW1402&yadNo=392842&callbackHistFlg=1,京阪電車「香里園」駅より徒歩3分、京都・大阪へのビジネス、観光にアクセスも便利！モーニング（パン・珈琲・ソフトドリンク・ゆで卵）無料サービス付。洗練されたインテリアで快適な時間をご提供致します,【アクセス】京阪電車「香里園」駅より徒歩3分。,エリア ： 大阪府 > 寝屋川・守口・門真・四條畷,2016-03-27 10:23:31,2016-03-27 10:23:31,"￥10,796〜","（￥5,398〜/人）",,,,,,,,,,,,,,,,,,,,,,,,,,,,,,,,,,,,,,,,,,,,,,,,,,,,,,,,,,,,,,,,,,,,,,,,,,,,
5872,ビジネスホテル　新なんば　１号館,/yad392022/?stayCount=1&roomCount=1&adultNum=2&stayDay=&stayYear=&stayMonth=&dateUndecided=1&distCd=01&roomCrack=200000&screenId=UWW1402&yadNo=392022&callbackHistFlg=1,『なんば駅』すぐ近くにある家庭的なホテル。大阪府立体育館(ボディメーカーコロシアム)の向かいなので、試合や観戦などに最適。家族連れ、学生・女性一人でも利用でき便利。Zepp難波大阪へも徒歩10分。,【アクセス】地下鉄御堂筋線５番出口より徒歩２分。,エリア ： 大阪府 > 心斎橋・なんば・四ツ橋,2016-03-27 10:23:31,2016-03-27 10:23:31,"￥10,972〜","（￥5,486〜/人）",,,,,,,,,,,,,,,,,,,,,,,,,,,,,,,,,,,,,,,,,,,,,,,,,,,,,,,,,,,,,,,,,,,,,,,,,,,,
5873,ホテルくら本,/yad300807/?stayCount=1&roomCount=1&adultNum=2&stayDay=&stayYear=&stayMonth=&dateUndecided=1&distCd=01&roomCrack=200000&screenId=UWW1402&yadNo=300807&callbackHistFlg=1,もっとも大阪らしい場所といえば、やっぱり道頓堀。ホテルくら本から徒歩２分です。　ゆったり寛げる和室（全室バス・トイレ付）で大浴場も完備。　観光だけでなく、交通至便でビジネスにも最適です。,【アクセス】地下鉄日本橋駅　６号出口より徒歩５分　堺筋を北へ　大阪信用金庫を右折　その後２筋めを左折すぐ,エリア ： 大阪府 > 心斎橋・なんば・四ツ橋,2016-03-27 10:23:31,2016-03-27 10:23:31,"￥11,629〜","（￥5,814〜/人）",,,,,,,,,,,,,,,,,,,,,,,,,,,,,,,,,,,,,,,,,,,,,,,,,,,,,,,,,,,,,,,,,,,,,,,,,,,,
5874,ベストウェスタン　ホテルフィーノ大阪心斎橋,/yad306347/?stayCount=1&roomCount=1&adultNum=2&stayDay=&stayYear=&stayMonth=&dateUndecided=1&distCd=01&roomCrack=200000&screenId=UWW1402&yadNo=306347&callbackHistFlg=1,「人」「情報」「にぎわい」があふれる流行の発信地大阪『心斎橋』アクティブに動いた一日の疲れをリセットし、快適な朝を迎えて頂くよう設立された女性に大人気のビジネスホテルです。※全室WI-FI利用可,【アクセス】大阪市営地下鉄長堀鶴見緑地線・堺筋線長堀橋駅5番出口より徒歩1分御堂筋線心斎橋駅より徒歩6分,エリア ： 大阪府 > 心斎橋・なんば・四ツ橋,2016-03-27 10:23:31,2016-03-27 10:23:31,"￥10,740〜","（￥5,370〜/人）",,,,,,,,,,,,,,,,,,,,,,,,,,,,,,,,,,,,,,,,,,,,,,,,,,,,,,,,,,,,,,,,,,,,,,,,,,,,
5875,てるてるぼうず,/yad308980/?stayCount=1&roomCount=1&adultNum=2&stayDay=&stayYear=&stayMonth=&dateUndecided=1&distCd=01&roomCrack=200000&screenId=UWW1402&yadNo=308980&callbackHistFlg=1,大阪島之内のホステル。地下鉄長堀橋駅から徒歩５分、心斎橋や道頓堀へ徒歩圏内。キタエリアへのアクセスも便利！外国人との交流はもちろん、ビジネスマンや家族・友人同士の旅行にもオススメのゲストハウス,【アクセス】地下鉄長堀鶴見緑地線、堺筋線長堀橋駅から徒歩５分、心斎橋駅から徒歩１０分、南海なんば駅から徒歩２０分,エリア ： 大阪府 > 心斎橋・なんば・四ツ橋,2016-03-27 10:23:31,2016-03-27 10:23:31,"￥6,370〜","（￥3,185〜/人）",,,,,,,,,,,,,,,,,,,,,,,,,,,,,,,,,,,,,,,,,,,,,,,,,,,,,,,,,,,,,,,,,,,,,,,,,,,,
5876,大阪道頓堀川畔　大和屋本店,/yad310414/?stayCount=1&roomCount=1&adultNum=2&stayDay=&stayYear=&stayMonth=&dateUndecided=1&distCd=01&roomCrack=200000&screenId=UWW1402&yadNo=310414&callbackHistFlg=1,ゆったり入れる大浴場があり、自慢の神戸牛やふぐ料理付きのコースはもちろん、お気軽な素泊まりプランも充実！観光（吉本新喜劇・大阪城・ユニバーサルスタジオジャパン）やビジネスにどうぞ！道頓堀目の前,【アクセス】★地下鉄千日前線日本橋駅北へ徒歩約3分　★地下鉄なんば駅より徒歩約10分,エリア ： 大阪府 > 心斎橋・なんば・四ツ橋,2016-03-27 10:23:31,2016-03-27 10:23:31,"￥8,000〜","（￥4,000〜/人）",,,,,,,,,,,,,,,,,,,,,,,,,,,,,,,,,,,,,,,,,,,,,,,,,,,,,,,,,,,,,,,,,,,,,,,,,,,,
5877,ホテル日航大阪,/yad312812/?stayCount=1&roomCount=1&adultNum=2&stayDay=&stayYear=&stayMonth=&dateUndecided=1&distCd=01&roomCrack=200000&screenId=UWW1402&yadNo=312812&callbackHistFlg=1,心斎橋駅直結、アクセスも便利な都心に位置しながら、心づくしのサービスと安らぎに満ちたホテル。洗練されたゆとりの空間、客室も落ち着きのある雰囲気で寛げる。,【アクセス】地下鉄御堂筋線、長堀鶴見緑地線　心斎橋駅８番出口直結,エリア ： 大阪府 > 心斎橋・なんば・四ツ橋,2016-03-27 10:23:31,2016-03-27 10:23:31,"￥15,740〜","（￥7,870〜/人）",,,,,,,,,,,,,,,,,,,,,,,,,,,,,,,,,,,,,,,,,,,,,,,,,,,,,,,,,,,,,,,,,,,,,,,,,,,,
5878,アズガーデン日本橋,/yad315062/?stayCount=1&roomCount=1&adultNum=2&stayDay=&stayYear=&stayMonth=&dateUndecided=1&distCd=01&roomCrack=200000&screenId=UWW1402&yadNo=315062&callbackHistFlg=1,アズガーデン日本橋は、大阪日本橋、道頓堀のほとりにある観光・ビジネスに最適で、長期滞在可能なワンルームマンション感覚のビジネスホテルです,【アクセス】大阪市営地下鉄日本橋駅及び、近鉄線日本橋駅　より　北へ徒歩5分,エリア ： 大阪府 > 心斎橋・なんば・四ツ橋,2016-03-27 10:23:31,2016-03-27 10:23:31,"￥7,000〜",（￥-/室）,,,,,,,,,,,,,,,,,,,,,,,,,,,,,,,,,,,,,,,,,,,,,,,,,,,,,,,,,,,,,,,,,,,,,,,,,,,,
5879,ホテル心斎橋ライオンズロック,/yad318820/?stayCount=1&roomCount=1&adultNum=2&stayDay=&stayYear=&stayMonth=&dateUndecided=1&distCd=01&roomCrack=200000&screenId=UWW1402&yadNo=318820&callbackHistFlg=1,アメ村ど真ん中！道頓堀、徒歩7分♪電車で京セラドーム5分、大阪城ホール15分、USJ20分★チェックイン・アウト前後の荷物預りOK！※誠に申し訳ございません、モーニングドリンクサービスは終了致しました。,【アクセス】地下鉄御堂筋線　心斎橋駅徒歩5分　なんば（難波駅）徒歩8分　京セラドームまで電車3分　USJまで電車20分,エリア ： 大阪府 > 心斎橋・なんば・四ツ橋,2016-03-27 10:23:31,2016-03-27 10:23:31,"￥8,055〜","（￥4,027〜/人）",,,,,,,,,,,,,,,,,,,,,,,,,,,,,,,,,,,,,,,,,,,,,,,,,,,,,,,,,,,,,,,,,,,,,,,,,,,,
5880,クロスホテル大阪,/yad319945/?stayCount=1&roomCount=1&adultNum=2&stayDay=&stayYear=&stayMonth=&dateUndecided=1&distCd=01&roomCrack=200000&screenId=UWW1402&yadNo=319945&callbackHistFlg=1,大阪の中心地、地下鉄「なんば駅」より徒歩３分、「心斎橋」より徒歩５分の好アクセス！完全セパレートのお風呂で旅の疲れを癒してください♪2015年4月からリニューアルした朝食も人気です！,【アクセス】大阪市営地下鉄なんば駅14号出口より徒歩約3分、心斎橋駅4-B号出口より徒歩約5分。,エリア ： 大阪府 > 心斎橋・なんば・四ツ橋,2016-03-27 10:23:31,2016-03-27 10:23:31,"￥16,296〜","（￥8,148〜/人）",,,,,,,,,,,,,,,,,,,,,,,,,,,,,,,,,,,,,,,,,,,,,,,,,,,,,,,,,,,,,,,,,,,,,,,,,,,,
5881,ホテルトラスティ心斎橋,/yad321098/?stayCount=1&roomCount=1&adultNum=2&stayDay=&stayYear=&stayMonth=&dateUndecided=1&distCd=01&roomCrack=200000&screenId=UWW1402&yadNo=321098&callbackHistFlg=1,心斎橋駅徒歩3分。一目惹かれる外観に一歩足を踏み入れると中世ヨーロッパをイメージさせる美しい異空間。最上級の快適性と高い機能性を兼ね備えた客室で日常を忘れる上質なひと時をご提供いたします。,【アクセス】地下鉄心斎橋駅２番出口、クリスタ長堀北７番出口経由徒歩3分。,エリア ： 大阪府 > 心斎橋・なんば・四ツ橋,2016-03-27 10:23:31,2016-03-27 10:23:31,"￥8,796〜","（￥4,398〜/人）",,,,,,,,,,,,,,,,,,,,,,,,,,,,,,,,,,,,,,,,,,,,,,,,,,,,,,,,,,,,,,,,,,,,,,,,,,,,
5882,スーパーホテルなんば・日本橋,/yad322694/?stayCount=1&roomCount=1&adultNum=2&stayDay=&stayYear=&stayMonth=&dateUndecided=1&distCd=01&roomCrack=200000&screenId=UWW1402&yadNo=322694&callbackHistFlg=1,◆2015年4月より全室禁煙リニューアルOPEN！！◆日本橋駅(地下鉄千日前線・堺筋線・近鉄）より徒歩１分、なんばへも徒歩約８分。健康朝食無料！阪神なんば線で京セラドーム・甲子園へもラクラク一本♪,【アクセス】地下鉄・近鉄日本橋駅より徒歩1分、なんば駅より徒歩約８分。,エリア ： 大阪府 > 心斎橋・なんば・四ツ橋,2016-03-27 10:23:31,2016-03-27 10:23:31,"￥12,037〜","（￥6,018〜/人）",,,,,,,,,,,,,,,,,,,,,,,,,,,,,,,,,,,,,,,,,,,,,,,,,,,,,,,,,,,,,,,,,,,,,,,,,,,,
5883,ＨＯＴＥＬ　Ｔ’ＰＯＩＮＴ,/yad340057/?stayCount=1&roomCount=1&adultNum=2&stayDay=&stayYear=&stayMonth=&dateUndecided=1&distCd=01&roomCrack=200000&screenId=UWW1402&yadNo=340057&callbackHistFlg=1,【全室Wi-Fi完備】全４５室、すべて異なる客室デザイン。あなた自身で「４５通りの物語」をお創り下さい■ロハスな朝食、豊富なアメニティ、DVDデッキ、電子レンジ,【アクセス】地下鉄御堂筋線心斎橋駅6番出口より地上へ出て右へ進む。一つ目の通りを左へ徒歩5分（合計8分）,エリア ： 大阪府 > 心斎橋・なんば・四ツ橋,2016-03-27 10:23:31,2016-03-27 10:23:31,"￥9,074〜","（￥4,537〜/人）",,,,,,,,,,,,,,,,,,,,,,,,,,,,,,,,,,,,,,,,,,,,,,,,,,,,,,,,,,,,,,,,,,,,,,,,,,,,
5884,ＴＨＥ　ＷＡＬＬ　ＨＯＴＥＬ,/yad343861/?stayCount=1&roomCount=1&adultNum=2&stayDay=&stayYear=&stayMonth=&dateUndecided=1&distCd=01&roomCrack=200000&screenId=UWW1402&yadNo=343861&callbackHistFlg=1,2015年12月19日グランドオープン！観光やショッピングの拠点に最適！,【アクセス】地下鉄　御堂筋線　心斎橋駅より徒歩にて約５分,エリア ： 大阪府 > 心斎橋・なんば・四ツ橋,2016-03-27 10:23:31,2016-03-27 10:23:31,"￥5,925〜","（￥2,962〜/人）",,,,,,,,,,,,,,,,,,,,,,,,,,,,,,,,,,,,,,,,,,,,,,,,,,,,,,,,,,,,,,,,,,,,,,,,,,,,
5885,フレイザーレジデンス南海大阪,/yad344516/?stayCount=1&roomCount=1&adultNum=2&stayDay=&stayYear=&stayMonth=&dateUndecided=1&distCd=01&roomCrack=200000&screenId=UWW1402&yadNo=344516&callbackHistFlg=1,館内にはジム（２４時間）、ミストサウナを完備。館内の無線インターネット(WIFI)無料！さらにお部屋にはキッチン、洗濯乾燥機も完備。お仕事での連泊やご家族、カップルでのご滞在にオススメです♪,【アクセス】地下鉄御堂筋線なんば駅から徒歩3分/南海電鉄難波駅から徒歩2分,エリア ： 大阪府 > 心斎橋・なんば・四ツ橋,2016-03-27 10:23:31,2016-03-27 10:23:31,"￥22,537〜",（￥-/室）,,,,,,,,,,,,,,,,,,,,,,,,,,,,,,,,,,,,,,,,,,,,,,,,,,,,,,,,,,,,,,,,,,,,,,,,,,,,
5886,ホテルヒラリーズ,/yad347481/?stayCount=1&roomCount=1&adultNum=2&stayDay=&stayYear=&stayMonth=&dateUndecided=1&distCd=01&roomCrack=200000&screenId=UWW1402&yadNo=347481&callbackHistFlg=1,【全室WIFI完備】２００７年６月グランドオープン『ホテルヒラリーズ』!!シンプルにして高感度なホスピタリティ空間をご用意しました。なんば・日本橋とアクセス至便！ビジネス・観光に是非、ご利用下さい。,【アクセス】地下鉄なんば駅(マルイ前)・各線日本橋駅(,エリア ： 大阪府 > 心斎橋・なんば・四ツ橋,2016-03-27 10:23:31,2016-03-27 10:23:31,"￥5,092〜","（￥2,546〜/人）",,,,,,,,,,,,,,,,,,,,,,,,,,,,,,,,,,,,,,,,,,,,,,,,,,,,,,,,,,,,,,,,,,,,,,,,,,,,
5887,ホテル一栄,/yad348083/?stayCount=1&roomCount=1&adultNum=2&stayDay=&stayYear=&stayMonth=&dateUndecided=1&distCd=01&roomCrack=200000&screenId=UWW1402&yadNo=348083&callbackHistFlg=1,大阪ミナミ、各難波駅徒歩1分程のアクセスも便利な立地。8畳〜15畳まで多彩なタイプの和室主体のホテルだから、ビジネスやファミリー、グループでの観光にも最適に利用できる。ツインルームも有り。,【アクセス】地下鉄御堂筋線なんば駅６番出口上る(車)阪神高速道頓堀ランプから御堂筋に入り５分,エリア ： 大阪府 > 心斎橋・なんば・四ツ橋,2016-03-27 10:23:31,2016-03-27 10:23:31,"￥14,259〜","（￥7,129〜/人）",,,,,,,,,,,,,,,,,,,,,,,,,,,,,,,,,,,,,,,,,,,,,,,,,,,,,,,,,,,,,,,,,,,,,,,,,,,,
5888,Ｂ＆Ｃホテル　サンプレイン長堀,/yad349290/?stayCount=1&roomCount=1&adultNum=2&stayDay=&stayYear=&stayMonth=&dateUndecided=1&distCd=01&roomCrack=200000&screenId=UWW1402&yadNo=349290&callbackHistFlg=1,女性専用カプセルフロアはオートロックで安心・安全♪ビジネス街の中にあるので女性一人でも安心の好立地♪大阪ミナミへも徒歩５分のカプセルホテル！男性用カプセルも格安でご用意しています！,【アクセス】地下鉄堺筋線長堀駅5番出口西へすぐ／地下鉄御堂筋線心斎橋駅から東へ徒歩約５分TEL0662430777,エリア ： 大阪府 > 心斎橋・なんば・四ツ橋,2016-03-27 10:23:31,2016-03-27 10:23:31,"￥5,925〜",（￥-/室）,,,,,,,,,,,,,,,,,,,,,,,,,,,,,,,,,,,,,,,,,,,,,,,,,,,,,,,,,,,,,,,,,,,,,,,,,,,,
5889,大阪帝国ホテル,/yad355152/?stayCount=1&roomCount=1&adultNum=2&stayDay=&stayYear=&stayMonth=&dateUndecided=1&distCd=01&roomCrack=200000&screenId=UWW1402&yadNo=355152&callbackHistFlg=1,道頓堀徒歩３分、アメリカ村内に位置しミナミど真ん中♪立地抜群♪京セラドーム電車５分、海遊館１５分、ＵＳＪ２０分、甲子園２２分アクセス良好！リーズナブル価格でご案内♪★ボトルウォーターサービス有,【アクセス】地下鉄御堂筋線難波２５番口徒歩5分、心斎橋７番口徒歩10分、近鉄難波、南海難波徒歩圏内,エリア ： 大阪府 > 心斎橋・なんば・四ツ橋,2016-03-27 10:23:31,2016-03-27 10:23:31,"￥6,296〜","（￥3,148〜/人）",,,,,,,,,,,,,,,,,,,,,,,,,,,,,,,,,,,,,,,,,,,,,,,,,,,,,,,,,,,,,,,,,,,,,,,,,,,,
5890,ホテル大阪ＫＥＩＫＯ,/yad357478/?stayCount=1&roomCount=1&adultNum=2&stayDay=&stayYear=&stayMonth=&dateUndecided=1&distCd=01&roomCrack=200000&screenId=UWW1402&yadNo=357478&callbackHistFlg=1,千日前線、堺筋線、近鉄線「日本橋」駅7番出口から徒歩5分。抜群のアクセス！エリア内のビジネスホテルで最安値です！！,【アクセス】御堂筋線「なんば」徒歩15分。堺筋線・千日前線・近鉄線「日本橋」7番出口徒歩約5分。,エリア ： 大阪府 > 心斎橋・なんば・四ツ橋,2016-03-27 10:23:31,2016-03-27 10:23:31,"￥10,999〜","（￥5,499〜/人）",,,,,,,,,,,,,,,,,,,,,,,,,,,,,,,,,,,,,,,,,,,,,,,,,,,,,,,,,,,,,,,,,,,,,,,,,,,,
5891,スイスホテル南海大阪,/yad361794/?stayCount=1&roomCount=1&adultNum=2&stayDay=&stayYear=&stayMonth=&dateUndecided=1&distCd=01&roomCrack=200000&screenId=UWW1402&yadNo=361794&callbackHistFlg=1,ホテルから道頓堀などの観光スポットは徒歩圏内。南海電鉄なんば駅と直結、地下鉄、近鉄、阪神難波駅からも近く、京都や奈良などの観光地へも便利です。客室からは美しい大阪の夜景をご覧いただけます。,【アクセス】南海電鉄難波駅直結。地下鉄なんば駅、近鉄大阪難波駅下車すぐ。阪神高速道頓堀出口、湊町出口から約10分,エリア ： 大阪府 > 心斎橋・なんば・四ツ橋,2016-03-27 10:23:31,2016-03-27 10:23:31,"￥24,653〜","（￥12,326〜/人）",,,,,,,,,,,,,,,,,,,,,,,,,,,,,,,,,,,,,,,,,,,,,,,,,,,,,,,,,,,,,,,,,,,,,,,,,,,,
5892,ビジネスインナンバ,/yad362108/?stayCount=1&roomCount=1&adultNum=2&stayDay=&stayYear=&stayMonth=&dateUndecided=1&distCd=01&roomCrack=200000&screenId=UWW1402&yadNo=362108&callbackHistFlg=1,ビジネス・観光に利便性抜群の立地です。客室は全室ウォシュレットつきのトイレ。浴室はセパレートタイプとなっております。,【アクセス】地下鉄なんば駅より歩いて５分の距離,エリア ： 大阪府 > 心斎橋・なんば・四ツ橋,2016-03-27 10:23:31,2016-03-27 10:23:31,"￥3,703〜","（￥1,851〜/人）",,,,,,,,,,,,,,,,,,,,,,,,,,,,,,,,,,,,,,,,,,,,,,,,,,,,,,,,,,,,,,,,,,,,,,,,,,,,
5893,HOTEL CROSSOVER (ホテル クロスオーバー),/yad375160/?stayCount=1&roomCount=1&adultNum=2&stayDay=&stayYear=&stayMonth=&dateUndecided=1&distCd=01&roomCrack=200000&screenId=UWW1402&yadNo=375160&callbackHistFlg=1,大阪ミナミの中心に位置するデザイナーズホテル。心斎橋徒歩5分、ビジネスや観光に最適な立地。全20室。快適さと品位を兼備した客室で居心地の良さを追及♪♪★体に優しい全室禁煙★,【アクセス】地下鉄日本橋駅、長堀橋駅から徒歩5分、地下鉄心斎橋駅、なんば駅から徒歩10分,エリア ： 大阪府 > 心斎橋・なんば・四ツ橋,2016-03-27 10:23:31,2016-03-27 10:23:31,"￥15,740〜","（￥7,870〜/人）",,,,,,,,,,,,,,,,,,,,,,,,,,,,,,,,,,,,,,,,,,,,,,,,,,,,,,,,,,,,,,,,,,,,,,,,,,,,
5894,カプセルホテルＢ＆Ｓエコキューブ心斎橋,/yad377222/?stayCount=1&roomCount=1&adultNum=2&stayDay=&stayYear=&stayMonth=&dateUndecided=1&distCd=01&roomCrack=200000&screenId=UWW1402&yadNo=377222&callbackHistFlg=1,ミナミのど真ん中なのに最安値「なんば」「心斎橋」からと抜群の好立地。睡眠ユニットをご用意。リニューアルでネットカフェよりも確実にくつろいで頂けます。,【アクセス】御堂筋線「心斎橋」「なんば」から各徒歩5分と抜群のアクセス。ミナミ・道頓堀すぐ。伊丹空港バスも便利。,エリア ： 大阪府 > 心斎橋・なんば・四ツ橋,2016-03-27 10:23:31,2016-03-27 10:23:31,"￥4,814〜","（￥2,407〜/人）",,,,,,,,,,,,,,,,,,,,,,,,,,,,,,,,,,,,,,,,,,,,,,,,,,,,,,,,,,,,,,,,,,,,,,,,,,,,
5895,ＨＯＳＴＥＬ６４Ｏｓａｋａ,/yad383533/?stayCount=1&roomCount=1&adultNum=2&stayDay=&stayYear=&stayMonth=&dateUndecided=1&distCd=01&roomCrack=200000&screenId=UWW1402&yadNo=383533&callbackHistFlg=1,1964年に建てられたレトロなビルをリノベーション。ホテルほど堅苦しくない、自宅で過ごすような感覚のホステルです。共有ロビーでは国内外からの旅行者と交流を楽しめます。最終C/Iは23時、C/Oは12時迄。,【アクセス】最寄駅「阿波座」「西長堀」、地下鉄3線にアクセス。本町も近くビジネスにも便利。堀江、南船場は徒歩圏。,エリア ： 大阪府 > 心斎橋・なんば・四ツ橋,2016-03-27 10:23:31,2016-03-27 10:23:31,"￥5,555〜","（￥2,777〜/人）",,,,,,,,,,,,,,,,,,,,,,,,,,,,,,,,,,,,,,,,,,,,,,,,,,,,,,,,,,,,,,,,,,,,,,,,,,,,
5896,道頓堀川畔　かねよし旅館,/yad387654/?stayCount=1&roomCount=1&adultNum=2&stayDay=&stayYear=&stayMonth=&dateUndecided=1&distCd=01&roomCrack=200000&screenId=UWW1402&yadNo=387654&callbackHistFlg=1,ユニバ（USJ）＆大阪観光に最適(^^)♪大阪ミナミの中心地、道頓堀川畔にある大阪情緒あふれる旅館ホテルがひしめく都会にありながら大浴場・和室あり◎最寄り駅（日本橋・難波・心斎橋）徒歩すぐ！,【アクセス】地下鉄日本橋駅2番出口より徒歩3分/地下鉄なんば駅14番出口より徒歩７分/阪神高速道頓堀ICより７分,エリア ： 大阪府 > 心斎橋・なんば・四ツ橋,2016-03-27 10:23:31,2016-03-27 10:23:31,"￥10,400〜","（￥5,200〜/人）",,,,,,,,,,,,,,,,,,,,,,,,,,,,,,,,,,,,,,,,,,,,,,,,,,,,,,,,,,,,,,,,,,,,,,,,,,,,
5897,ネストホテル大阪心斎橋,/yad389116/?stayCount=1&roomCount=1&adultNum=2&stayDay=&stayYear=&stayMonth=&dateUndecided=1&distCd=01&roomCrack=200000&screenId=UWW1402&yadNo=389116&callbackHistFlg=1,◎駅近！長堀橋駅徒歩1分・心斎橋駅徒歩6分！◎２ウェイアクセス☆傘不要♪地下道クリスタ長堀北３出口すぐ、雨の心配もなし！■有線ＬＡＮ＆Ｗｉ−Ｆｉ完備　■朝食ブッフェ（約４０品目）が人気,【アクセス】地下鉄御堂筋線「心斎橋駅」徒歩約6分。長堀鶴見緑地線「長堀橋駅」徒歩1分。関空から電車で約50分。,エリア ： 大阪府 > 心斎橋・なんば・四ツ橋,2016-03-27 10:23:31,2016-03-27 10:23:31,"￥6,481〜","（￥3,240〜/人）",,,,,,,,,,,,,,,,,,,,,,,,,,,,,,,,,,,,,,,,,,,,,,,,,,,,,,,,,,,,,,,,,,,,,,,,,,,,
5898,シェルネルなんば,/yad392856/?stayCount=1&roomCount=1&adultNum=2&stayDay=&stayYear=&stayMonth=&dateUndecided=1&distCd=01&roomCrack=200000&screenId=UWW1402&yadNo=392856&callbackHistFlg=1,これまでのカプセルホテルのイメージを覆す、全館禁煙・おしゃれなカフェを併設したスタイリッシュカプセルホテルが大阪なんばにオープン。男女別の専用フロアと最新型のカプセルで快適な眠りをご提供。,【アクセス】大阪市営地下鉄堺筋線又は千日前線日本橋駅10号出口より南へ徒歩6分、南海なんば駅南改札口より東へ徒歩6分,エリア ： 大阪府 > 心斎橋・なんば・四ツ橋,2016-03-27 10:23:31,2016-03-27 10:23:31,"￥7,592〜","（￥3,796〜/人）",,,,,,,,,,,,,,,,,,,,,,,,,,,,,,,,,,,,,,,,,,,,,,,,,,,,,,,,,,,,,,,,,,,,,,,,,,,,
5899,ホテルリリーフなんば大国町,/yad395358/?stayCount=1&roomCount=1&adultNum=2&stayDay=&stayYear=&stayMonth=&dateUndecided=1&distCd=01&roomCrack=200000&screenId=UWW1402&yadNo=395358&callbackHistFlg=1,広々23,,エリア ： 大阪府 > 心斎橋・なんば・四ツ橋,2016-03-27 10:23:31,2016-03-27 10:23:31,"￥8,333〜","（￥4,166〜/人）",,,,,,,,,,,,,,,,,,,,,,,,,,,,,,,,,,,,,,,,,,,,,,,,,,,,,,,,,,,,,,,,,,,,,,,,,,,,
5900,ホテル味園,/yad399048/?stayCount=1&roomCount=1&adultNum=2&stayDay=&stayYear=&stayMonth=&dateUndecided=1&distCd=01&roomCrack=200000&screenId=UWW1402&yadNo=399048&callbackHistFlg=1,地下鉄、ＪＲ、近鉄の難波駅からすぐ近く。難波、日本橋の繁華街に立地しているのでアクセスは便利。低価格でご宿泊頂いて大阪の観光をお楽しみ下さい。,【アクセス】難波駅出口1番なんばマルイビル左折、南海通りをまっすぐ４００ｍ,エリア ： 大阪府 > 心斎橋・なんば・四ツ橋,2016-03-27 10:23:31,2016-03-27 10:23:31,"￥6,944〜","（￥3,472〜/人）",,,,,,,,,,,,,,,,,,,,,,,,,,,,,,,,,,,,,,,,,,,,,,,,,,,,,,,,,,,,,,,,,,,,,,,,,,,,
5901,ホテルミツフ,/yad303835/?stayCount=1&roomCount=1&adultNum=2&stayDay=&stayYear=&stayMonth=&dateUndecided=1&distCd=01&roomCrack=200000&screenId=UWW1402&yadNo=303835&callbackHistFlg=1,新大阪のお隣「西中島南方」より徒歩3分！,【アクセス】ＪＲ新大阪駅のお隣。地下鉄御堂筋線「西中島南方駅」下車、北口１番出口から徒歩３分。,エリア ： 大阪府 > 新大阪・江坂・十三・塚本,2016-03-27 10:23:31,2016-03-27 10:23:31,"￥13,888〜",（￥-/室）,,,,,,,,,,,,,,,,,,,,,,,,,,,,,,,,,,,,,,,,,,,,,,,,,,,,,,,,,,,,,,,,,,,,,,,,,,,,
5902,スーパーホテル御堂筋線・江坂,/yad310499/?stayCount=1&roomCount=1&adultNum=2&stayDay=&stayYear=&stayMonth=&dateUndecided=1&distCd=01&roomCrack=200000&screenId=UWW1402&yadNo=310499&callbackHistFlg=1,新大阪からわずか２駅！穴場ホテル！御堂筋線・江坂駅から徒歩5分の好立地。梅田まで10分、なんばまで19分、それぞれ電車1本で楽々アクセス！自慢の日替わり健康朝食は6：30〜無料でご提供しています。,【アクセス】地下鉄御堂筋線･江坂駅下車７番出口より徒歩5分(新大阪から２駅隣の駅です),エリア ： 大阪府 > 新大阪・江坂・十三・塚本,2016-03-27 10:23:31,2016-03-27 10:23:31,"￥7,203〜","（￥3,601〜/人）",,,,,,,,,,,,,,,,,,,,,,,,,,,,,,,,,,,,,,,,,,,,,,,,,,,,,,,,,,,,,,,,,,,,,,,,,,,,
5903,新大阪サンプラザホテル,/yad315365/?stayCount=1&roomCount=1&adultNum=2&stayDay=&stayYear=&stayMonth=&dateUndecided=1&distCd=01&roomCrack=200000&screenId=UWW1402&yadNo=315365&callbackHistFlg=1,新大阪駅から一つ目JR東淀川駅前！大阪市内行切符で乗下車可！御堂筋線東三国駅徒歩6分！フロント直結でファミリーマート、イートインコーナーがありグループ団体様が御飲食できます！全室光ネット可能！,【アクセス】新大阪駅から一つ目JR東淀川駅西口駅前。大阪市内行切符で乗下車できます。御堂筋線東三国駅徒歩6分。,エリア ： 大阪府 > 新大阪・江坂・十三・塚本,2016-03-27 10:23:31,2016-03-27 10:23:31,"￥9,444〜","（￥4,722〜/人）",,,,,,,,,,,,,,,,,,,,,,,,,,,,,,,,,,,,,,,,,,,,,,,,,,,,,,,,,,,,,,,,,,,,,,,,,,,,
5904,ホテルリブマックス新大阪,/yad318307/?stayCount=1&roomCount=1&adultNum=2&stayDay=&stayYear=&stayMonth=&dateUndecided=1&distCd=01&roomCrack=200000&screenId=UWW1402&yadNo=318307&callbackHistFlg=1,◆◇抜群の好立地◇◆大阪キタ、ミナミは勿論、京都、神戸までダイレクトアクセスが可能♪夜は静かで落ち着いた環境も魅力☆館内にコインランドリーあり！シンプルなスタイルで長期滞在にも有効です。,【アクセス】各線『新大阪駅』東出口より線路沿いに徒歩3分,エリア ： 大阪府 > 新大阪・江坂・十三・塚本,2016-03-27 10:23:31,2016-03-27 10:23:31,￥1〜,（￥1〜/人）,,,,,,,,,,,,,,,,,,,,,,,,,,,,,,,,,,,,,,,,,,,,,,,,,,,,,,,,,,,,,,,,,,,,,,,,,,,,
5905,サニーストンホテル,/yad321466/?stayCount=1&roomCount=1&adultNum=2&stayDay=&stayYear=&stayMonth=&dateUndecided=1&distCd=01&roomCrack=200000&screenId=UWW1402&yadNo=321466&callbackHistFlg=1,新大阪駅から地下鉄４分の御堂筋線江坂駅前。駅前ホテルでアクセス楽々＆梅田・心斎橋・難波へのお出かけも大変便利。周辺に飲食店やコンビニ充実。多彩なお部屋でビジネス・観光に最適です。全室Wi-Fi対応,【アクセス】地下鉄御堂筋線江坂駅から徒歩１分(南改札７番出口をご利用ください。）,エリア ： 大阪府 > 新大阪・江坂・十三・塚本,2016-03-27 10:23:31,2016-03-27 10:23:31,"￥5,833〜","（￥2,916〜/人）",,,,,,,,,,,,,,,,,,,,,,,,,,,,,,,,,,,,,,,,,,,,,,,,,,,,,,,,,,,,,,,,,,,,,,,,,,,,
5906,江坂セントラルホテル,/yad330502/?stayCount=1&roomCount=1&adultNum=2&stayDay=&stayYear=&stayMonth=&dateUndecided=1&distCd=01&roomCrack=200000&screenId=UWW1402&yadNo=330502&callbackHistFlg=1,交通便利。梅田まで乗換なしで約15分。心斎橋やミナミも約20分。女性同士でも安心の立地。コンビニ徒歩2分。　※駐車場はございません。※最終チェックインのお時間は深夜1時までとなります。,【アクセス】江坂から徒歩３分,エリア ： 大阪府 > 新大阪・江坂・十三・塚本,2016-03-27 10:23:31,2016-03-27 10:23:31,"￥10,185〜","（￥5,092〜/人）",,,,,,,,,,,,,,,,,,,,,,,,,,,,,,,,,,,,,,,,,,,,,,,,,,,,,,,,,,,,,,,,,,,,,,,,,,,,
5907,ホテルクライトン新大阪,/yad335486/?stayCount=1&roomCount=1&adultNum=2&stayDay=&stayYear=&stayMonth=&dateUndecided=1&distCd=01&roomCrack=200000&screenId=UWW1402&yadNo=335486&callbackHistFlg=1,◆新大阪駅より1駅5分◆大浴場完備◆旅の疲れや緊張をときほぐし、皆様が心からリラックスできる、きめ細やかなサービスでお迎え致します♪全室Sertaベッド完備♪,【アクセス】地下鉄御堂筋線「西中島南方駅」,エリア ： 大阪府 > 新大阪・江坂・十三・塚本,2016-03-27 10:23:31,2016-03-27 10:23:31,"￥10,000〜","（￥5,000〜/人）",,,,,,,,,,,,,,,,,,,,,,,,,,,,,,,,,,,,,,,,,,,,,,,,,,,,,,,,,,,,,,,,,,,,,,,,,,,,
5908,大阪バックパッカーズホステル,/yad335636/?stayCount=1&roomCount=1&adultNum=2&stayDay=&stayYear=&stayMonth=&dateUndecided=1&distCd=01&roomCrack=200000&screenId=UWW1402&yadNo=335636&callbackHistFlg=1,御堂筋線西中島南方駅から徒歩9分のゲストハウスです。奈良、神戸、京都まで阪急、地下鉄、JRの３WAYSアクセス！新大阪駅まで徒歩圏内で新幹線利用にも便利です。外国人の沢山集まる宿で宿泊しませんか？,【アクセス】地下鉄御堂筋線西中島南方駅から徒歩9分、阪急南方駅から徒歩9分、JR新大阪駅から徒歩15分です。,エリア ： 大阪府 > 新大阪・江坂・十三・塚本,2016-03-27 10:23:31,2016-03-27 10:23:31,"￥6,481〜",（￥-/室）,,,,,,,,,,,,,,,,,,,,,,,,,,,,,,,,,,,,,,,,,,,,,,,,,,,,,,,,,,,,,,,,,,,,,,,,,,,,
5909,ホテルオークス新大阪,/yad337524/?stayCount=1&roomCount=1&adultNum=2&stayDay=&stayYear=&stayMonth=&dateUndecided=1&distCd=01&roomCrack=200000&screenId=UWW1402&yadNo=337524&callbackHistFlg=1,【重要】空調設備工事のお知らせ※空調工事実施に伴ない、空調が下記期間内ご利用いただけません。実施日：平成28年4月25日（月）〜4月28日（木）空調停止時間：期間内終日（予定）,【アクセス】地下鉄御堂筋線西中島南方駅２番出口すぐ。阪急南方駅から徒歩１分。新大阪から地下鉄１駅（タクシー５分）,エリア ： 大阪府 > 新大阪・江坂・十三・塚本,2016-03-27 10:23:31,2016-03-27 10:23:31,"￥5,370〜","（￥2,685〜/人）",,,,,,,,,,,,,,,,,,,,,,,,,,,,,,,,,,,,,,,,,,,,,,,,,,,,,,,,,,,,,,,,,,,,,,,,,,,,
5910,レム新大阪,/yad337987/?stayCount=1&roomCount=1&adultNum=2&stayDay=&stayYear=&stayMonth=&dateUndecided=1&distCd=01&roomCrack=200000&screenId=UWW1402&yadNo=337987&callbackHistFlg=1,阪急阪神第一ホテルグループの新ブランドホテル「レム新大阪」。JR・地下鉄新大阪駅直結で利便性も抜群！オリジナルベッド、レインシャワー、マッサージチェアが上質な眠りをサポートします。,【アクセス】各線新大阪駅直結。新幹線中央改札（3階）にて新大阪阪急ビルに直結。,エリア ： 大阪府 > 新大阪・江坂・十三・塚本,2016-03-27 10:23:31,2016-03-27 10:23:31,"￥9,259〜","（￥4,629〜/人）",,,,,,,,,,,,,,,,,,,,,,,,,,,,,,,,,,,,,,,,,,,,,,,,,,,,,,,,,,,,,,,,,,,,,,,,,,,,
5911,ヴィアイン新大阪ウエスト,/yad364612/?stayCount=1&roomCount=1&adultNum=2&stayDay=&stayYear=&stayMonth=&dateUndecided=1&distCd=01&roomCrack=200000&screenId=UWW1402&yadNo=364612&callbackHistFlg=1,◆朝食「がんこ」朝６時から営業！◆木目調を基調とした落ち着いたロビー。◆ベッドは、全米ホテルベッドシェアNO.1のサータのマットレス導入。◆Wi-fi（客室での利用可）,【アクセス】新大阪駅【北口】・【西口】より徒歩５分。地下鉄御堂筋線【４番】出口より徒歩４分。,エリア ： 大阪府 > 新大阪・江坂・十三・塚本,2016-03-27 10:23:31,2016-03-27 10:23:31,"￥7,388〜","（￥3,694〜/人）",,,,,,,,,,,,,,,,,,,,,,,,,,,,,,,,,,,,,,,,,,,,,,,,,,,,,,,,,,,,,,,,,,,,,,,,,,,,
5912,大阪とまとゲストハウス,/yad379635/?stayCount=1&roomCount=1&adultNum=2&stayDay=&stayYear=&stayMonth=&dateUndecided=1&distCd=01&roomCrack=200000&screenId=UWW1402&yadNo=379635&callbackHistFlg=1,新大阪から少し離れた静かな場所で梅田の夜景、淀川が一望出来ます。２０〜６０代の方の一人旅にも人気です。自炊用キッチン付きリビングあり、共用トイレ、シャワー完備,【アクセス】阪急南方駅、御堂筋線西中島南方、徒歩７分,エリア ： 大阪府 > 新大阪・江坂・十三・塚本,2016-03-27 10:23:31,2016-03-27 10:23:31,"￥6,666〜","（￥3,333〜/人）",,,,,,,,,,,,,,,,,,,,,,,,,,,,,,,,,,,,,,,,,,,,,,,,,,,,,,,,,,,,,,,,,,,,,,,,,,,,
5913,スーパーホテル大阪・谷町四丁目,/yad302550/?stayCount=1&roomCount=1&adultNum=2&stayDay=&stayYear=&stayMonth=&dateUndecided=1&distCd=01&roomCrack=200000&screenId=UWW1402&yadNo=302550&callbackHistFlg=1,地下鉄谷町四丁目駅徒歩5分。健康朝食を無料でご提供！全室Wifi完備、加湿機能付空気清浄機、冷蔵庫、電気ケトルなど室内設備充実。近隣には大阪城や大阪城ホール。電車で海遊館約１５分、ＵＳＪ約２５分。,【アクセス】大阪市営地下鉄　中央線・谷町線「谷町四丁目駅」６号出口より徒歩　約３分,エリア ： 大阪府 > 谷町・大阪城公園,2016-03-27 10:23:31,2016-03-27 10:23:31,"￥6,842〜","（￥3,421〜/人）",,,,,,,,,,,,,,,,,,,,,,,,,,,,,,,,,,,,,,,,,,,,,,,,,,,,,,,,,,,,,,,,,,,,,,,,,,,,
5914,ビジネスイン谷町,/yad303752/?stayCount=1&roomCount=1&adultNum=2&stayDay=&stayYear=&stayMonth=&dateUndecided=1&distCd=01&roomCrack=200000&screenId=UWW1402&yadNo=303752&callbackHistFlg=1,谷町４丁目４番出口から歩３分。大阪城周辺の官庁街の中心にあり、京都・奈良・大阪市内や南港等、ビジネスに観光の拠点に便利。しかも価格はリーズナブルで、都心とは思われない静かな環境も魅力的。,【アクセス】地下鉄谷町線・中央線の谷町四丁目駅下車４番出口より徒歩３分。阪神高速環状線の法円坂ICより車約５分。,エリア ： 大阪府 > 谷町・大阪城公園,2016-03-27 10:23:31,2016-03-27 10:23:31,"￥10,925〜","（￥5,462〜/人）",,,,,,,,,,,,,,,,,,,,,,,,,,,,,,,,,,,,,,,,,,,,,,,,,,,,,,,,,,,,,,,,,,,,,,,,,,,,
5915,ホテル京阪　天満橋,/yad306734/?stayCount=1&roomCount=1&adultNum=2&stayDay=&stayYear=&stayMonth=&dateUndecided=1&distCd=01&roomCrack=200000&screenId=UWW1402&yadNo=306734&callbackHistFlg=1,「安心」と「安らぎ」をコンセプトに2015年11月、全館リニューアルオープン致しました！,【アクセス】大阪駅（東梅田駅）から、地下鉄谷町線で「天満橋駅」までたったの２駅。徒歩1分。,エリア ： 大阪府 > 谷町・大阪城公園,2016-03-27 10:23:31,2016-03-27 10:23:31,"￥5,925〜","（￥2,962〜/人）",,,,,,,,,,,,,,,,,,,,,,,,,,,,,,,,,,,,,,,,,,,,,,,,,,,,,,,,,,,,,,,,,,,,,,,,,,,,
5916,ホテル・ザ・ルーテル,/yad307470/?stayCount=1&roomCount=1&adultNum=2&stayDay=&stayYear=&stayMonth=&dateUndecided=1&distCd=01&roomCrack=200000&screenId=UWW1402&yadNo=307470&callbackHistFlg=1,大阪城公園に隣接！キタへ7分！ミナミへ10分！大阪城ホール・京セラドームへ15分！ＵＳＪへ30分とどこへでも便利！全室に有線LAN・Wi-Fi・空気清浄機完備！全室個別空調！ビジネス・レジャーに♪♪,【アクセス】地下鉄谷町線・中央線「谷町四丁目」の１−Ｂ出口から徒歩１分,エリア ： 大阪府 > 谷町・大阪城公園,2016-03-27 10:23:31,2016-03-27 10:23:31,"￥6,018〜","（￥3,009〜/人）",,,,,,,,,,,,,,,,,,,,,,,,,,,,,,,,,,,,,,,,,,,,,,,,,,,,,,,,,,,,,,,,,,,,,,,,,,,,
5917,ホテルマイステイズ大手前,/yad313719/?stayCount=1&roomCount=1&adultNum=2&stayDay=&stayYear=&stayMonth=&dateUndecided=1&distCd=01&roomCrack=200000&screenId=UWW1402&yadNo=313719&callbackHistFlg=1,全室キッチン付のお部屋はさまざまな間取りで、まるでご自宅感覚でおくつろぎいただけます。梅田・難波・天王寺など、主要都市へのアクセスも抜群♪,【アクセス】大阪市営地下鉄谷町線・中央線「谷町4丁目駅」4番出口より徒歩4分,エリア ： 大阪府 > 谷町・大阪城公園,2016-03-27 10:23:31,2016-03-27 10:23:31,"￥5,601〜","（￥2,800〜/人）",,,,,,,,,,,,,,,,,,,,,,,,,,,,,,,,,,,,,,,,,,,,,,,,,,,,,,,,,,,,,,,,,,,,,,,,,,,,
5918,大阪キャッスルホテル＜天満橋＞,/yad319211/?stayCount=1&roomCount=1&adultNum=2&stayDay=&stayYear=&stayMonth=&dateUndecided=1&distCd=01&roomCrack=200000&screenId=UWW1402&yadNo=319211&callbackHistFlg=1,大阪のビジネス＆観光に便利な京阪線「天満橋駅」の真上！駅上デパートのレストランや雑貨屋さん等でショッピングも楽しい。大阪の新しい観光SPOT「繁昌亭」や日本一長い「天神橋商店街」は徒歩圏内！,【アクセス】JR新大阪から御堂筋線で4つ目の「淀屋橋駅」乗換え、京阪線で2つ目の「天満橋駅」下車真上です！,エリア ： 大阪府 > 谷町・大阪城公園,2016-03-27 10:23:31,2016-03-27 10:23:31,"￥7,777〜","（￥3,888〜/人）",,,,,,,,,,,,,,,,,,,,,,,,,,,,,,,,,,,,,,,,,,,,,,,,,,,,,,,,,,,,,,,,,,,,,,,,,,,,
5919,ホテルオークスアーリーバード大阪森ノ宮,/yad323163/?stayCount=1&roomCount=1&adultNum=2&stayDay=&stayYear=&stayMonth=&dateUndecided=1&distCd=01&roomCrack=200000&screenId=UWW1402&yadNo=323163&callbackHistFlg=1,２４ｈコンビニ付の便利なホテル。大阪城（ホール）や森ノ宮ピロティホールへ楽々移動♪谷４・本町・心斎橋・京セラドーム・大阪港方面乗換えなし。無線LAN（WiFi）対応。リセッシュ全室♪,【アクセス】ＪＲ環状線森ノ宮駅、地下鉄中央線・長堀鶴見緑地線森ノ宮駅５番出口から徒歩５分。,エリア ： 大阪府 > 谷町・大阪城公園,2016-03-27 10:23:31,2016-03-27 10:23:31,"￥6,250〜","（￥3,125〜/人）",,,,,,,,,,,,,,,,,,,,,,,,,,,,,,,,,,,,,,,,,,,,,,,,,,,,,,,,,,,,,,,,,,,,,,,,,,,,
5920,アパヴィラホテル＜大阪谷町四丁目駅前＞,/yad325328/?stayCount=1&roomCount=1&adultNum=2&stayDay=&stayYear=&stayMonth=&dateUndecided=1&distCd=01&roomCrack=200000&screenId=UWW1402&yadNo=325328&callbackHistFlg=1,地下鉄「谷町四丁目」８番出口目の前。大阪梅田、なんば、あべのハルカス・大阪城ホール・京セラドーム・USJ(ユニバーサルスタジオジャパン)へ好アクセス。アパホテルズ＆リゾーツのホテルです。,【アクセス】地下鉄「谷町四丁目」駅8番出口正面。高速「法円坂ＩＣ」または「森之宮ＩＣ」より約5分。,エリア ： 大阪府 > 谷町・大阪城公園,2016-03-27 10:23:31,2016-03-27 10:23:31,"￥7,407〜","（￥3,703〜/人）",,,,,,,,,,,,,,,,,,,,,,,,,,,,,,,,,,,,,,,,,,,,,,,,,,,,,,,,,,,,,,,,,,,,,,,,,,,,
5921,アパホテル＜大阪谷町＞,/yad332024/?stayCount=1&roomCount=1&adultNum=2&stayDay=&stayYear=&stayMonth=&dateUndecided=1&distCd=01&roomCrack=200000&screenId=UWW1402&yadNo=332024&callbackHistFlg=1,ビジネスやカップルにおすすめのプランなどを多数ご用意♪周辺は官庁街なので比較的静か。大阪城へは約15分、京都・神戸・奈良へは約45分と、関西のビジネスや観光の拠点に◎ＵＳＪへは電車で30分◎,【アクセス】地下鉄谷町四丁目駅3番出口徒歩1分。堺筋線堺筋本町より徒歩15分。,エリア ： 大阪府 > 谷町・大阪城公園,2016-03-27 10:23:31,2016-03-27 10:23:31,"￥6,018〜","（￥3,009〜/人）",,,,,,,,,,,,,,,,,,,,,,,,,,,,,,,,,,,,,,,,,,,,,,,,,,,,,,,,,,,,,,,,,,,,,,,,,,,,
5922,ホテルニューオータニ大阪,/yad335522/?stayCount=1&roomCount=1&adultNum=2&stayDay=&stayYear=&stayMonth=&dateUndecided=1&distCd=01&roomCrack=200000&screenId=UWW1402&yadNo=335522&callbackHistFlg=1,キタ（梅田）、ミナミ（なんば・心斎橋）、天王寺まで電車で15分圏内。アクセス便利な都心に位置しながら、目の前には広大な大阪城公園が。都会の喧騒からは少し離れ寛ぎのひとときをお過ごしください。,【アクセス】JR大阪駅から4駅約10分の大阪城公園駅から徒歩約3分。大阪城ホールは、ホテルのすぐ目の前。,エリア ： 大阪府 > 谷町・大阪城公園,2016-03-27 10:23:31,2016-03-27 10:23:31,"￥16,203〜","（￥8,101〜/人）",,,,,,,,,,,,,,,,,,,,,,,,,,,,,,,,,,,,,,,,,,,,,,,,,,,,,,,,,,,,,,,,,,,,,,,,,,,,
5923,ホテルリブマックス大手前,/yad353841/?stayCount=1&roomCount=1&adultNum=2&stayDay=&stayYear=&stayMonth=&dateUndecided=1&distCd=01&roomCrack=200000&screenId=UWW1402&yadNo=353841&callbackHistFlg=1,◆◇都心にありながら夜はぐっすり眠れるほど静か◇ビジネス、観光に最適な立地♪♪キタへミナミへどこでも行けるアクセス抜群の便利なホテルです♪皆様のお越しを心よりお待ちしております♪♪,【アクセス】地下鉄谷町線・京阪電車『天満橋』駅下車、地下鉄３番出口より徒歩１分。梅田より地下鉄谷町線で２駅５分,エリア ： 大阪府 > 谷町・大阪城公園,2016-03-27 10:23:31,2016-03-27 10:23:31,￥1〜,（￥1〜/人）,,,,,,,,,,,,,,,,,,,,,,,,,,,,,,,,,,,,,,,,,,,,,,,,,,,,,,,,,,,,,,,,,,,,,,,,,,,,
5924,ＫＫＲホテル大阪（国家公務員共済組合連合会大阪共済会館）,/yad355146/?stayCount=1&roomCount=1&adultNum=2&stayDay=&stayYear=&stayMonth=&dateUndecided=1&distCd=01&roomCrack=200000&screenId=UWW1402&yadNo=355146&callbackHistFlg=1,KKR宿泊施設は国家公務員共済組合連合会が組合員等の利用を目的として運営しています。組合員等の方はチェックインの際に組合員証等をご提示下さい,【アクセス】JR大阪環状線「森ノ宮」、地下鉄中央線・谷町線「谷町4丁目」から徒歩約10分　各駅前からシャトルバス有り,エリア ： 大阪府 > 谷町・大阪城公園,2016-03-27 10:23:31,2016-03-27 10:23:31,"￥10,185〜","（￥5,092〜/人）",,,,,,,,,,,,,,,,,,,,,,,,,,,,,,,,,,,,,,,,,,,,,,,,,,,,,,,,,,,,,,,,,,,,,,,,,,,,
5925,ホステルみつわ屋大阪,/yad358162/?stayCount=1&roomCount=1&adultNum=2&stayDay=&stayYear=&stayMonth=&dateUndecided=1&distCd=01&roomCrack=200000&screenId=UWW1402&yadNo=358162&callbackHistFlg=1,当ホステルから、大阪定番の観光地「なんば・日本橋・道頓堀・黒門市場」には歩いて行けます。大阪城は電車で１駅、四天王寺も１駅、あべのハルカスは２駅と大阪観光にアクセスの大変良い立地です。,【アクセス】地下鉄谷町線「谷町六丁目駅」「谷町九丁目駅」より徒歩７分。,エリア ： 大阪府 > 谷町・大阪城公園,2016-03-27 10:23:31,2016-03-27 10:23:31,"￥15,555〜",（￥-/室）,,,,,,,,,,,,,,,,,,,,,,,,,,,,,,,,,,,,,,,,,,,,,,,,,,,,,,,,,,,,,,,,,,,,,,,,,,,,
5926,ホテルモントレ　ラ・スール大阪,/yad360940/?stayCount=1&roomCount=1&adultNum=2&stayDay=&stayYear=&stayMonth=&dateUndecided=1&distCd=01&roomCrack=200000&screenId=UWW1402&yadNo=360940&callbackHistFlg=1,JR大阪駅から3駅のJR京橋駅から徒歩5分！大阪城ホールへ徒歩7分。海遊館・USJなどの大阪市内観光地へアクセス至便、京阪電鉄ご利用で京都への観光も便利です。,【アクセス】ＪＲ京橋駅「西口」・京阪京橋駅「片町口」より徒歩5分,エリア ： 大阪府 > 谷町・大阪城公園,2016-03-27 10:23:31,2016-03-27 10:23:31,"￥7,962〜","（￥3,981〜/人）",,,,,,,,,,,,,,,,,,,,,,,,,,,,,,,,,,,,,,,,,,,,,,,,,,,,,,,,,,,,,,,,,,,,,,,,,,,,
5927,ホテルサンホワイト,/yad393452/?stayCount=1&roomCount=1&adultNum=2&stayDay=&stayYear=&stayMonth=&dateUndecided=1&distCd=01&roomCrack=200000&screenId=UWW1402&yadNo=393452&callbackHistFlg=1,大阪城へ徒歩5分。谷町4丁目4番出口より徒歩1分。全館Ｗｉ-Ｆｉ無料接続可能、全館加湿機能付空気清浄機導入で、ビジネスに観光に快適に過ごせるホテルです！！,【アクセス】地下鉄　谷町線・中央線「谷町四丁目駅」４番出口より徒歩1分。お車：阪神高速【法円坂IC】約３分,エリア ： 大阪府 > 谷町・大阪城公園,2016-03-27 10:23:31,2016-03-27 10:23:31,"￥6,481〜","（￥3,240〜/人）",,,,,,,,,,,,,,,,,,,,,,,,,,,,,,,,,,,,,,,,,,,,,,,,,,,,,,,,,,,,,,,,,,,,,,,,,,,,
5928,大江戸温泉物語　箕面温泉　箕面観光ホテル,/yad397608/?stayCount=1&roomCount=1&adultNum=2&stayDay=&stayYear=&stayMonth=&dateUndecided=1&distCd=01&roomCrack=200000&screenId=UWW1402&yadNo=397608&callbackHistFlg=1,大江戸温泉物語グループの宿箕面観光ホテル大阪平野を一望、約7万,,エリア ： 大阪府 > 池田・箕面・能勢,2016-03-27 10:23:31,2016-03-27 10:23:31,"￥20,740〜","（￥10,370〜/人）",,,,,,,,,,,,,,,,,,,,,,,,,,,,,,,,,,,,,,,,,,,,,,,,,,,,,,,,,,,,,,,,,,,,,,,,,,,,
5929,ＩＭゲストハウス,/yad336518/?stayCount=1&roomCount=1&adultNum=2&stayDay=&stayYear=&stayMonth=&dateUndecided=1&distCd=01&roomCrack=200000&screenId=UWW1402&yadNo=336518&callbackHistFlg=1,関西各所の観光地へアクセスしやすい大阪市内にあるゲストハウスです。近隣は駅から続く商店街を中心に、コンビニ、居酒屋、銀行、郵便局、銭湯等があり、大阪の下町の雰囲気を残す穏やかな住宅街です。,【アクセス】JR大阪環状線・桃谷駅より徒歩6分,エリア ： 大阪府 > 鶴橋・平野,2016-03-27 10:23:31,2016-03-27 10:23:31,"￥4,629〜","（￥2,314〜/人）",,,,,,,,,,,,,,,,,,,,,,,,,,,,,,,,,,,,,,,,,,,,,,,,,,,,,,,,,,,,,,,,,,,,,,,,,,,,
5930,今里旅館,/yad375553/?stayCount=1&roomCount=1&adultNum=2&stayDay=&stayYear=&stayMonth=&dateUndecided=1&distCd=01&roomCrack=200000&screenId=UWW1402&yadNo=375553&callbackHistFlg=1,大阪市内ではめずらしい朝食・夕食付きの宿。交通の便がよく、夜は静かな今里の地にある旅館。ビジネスにも、大阪観光の拠点にも★門限は0時になってます。,【アクセス】地下鉄千日前線・今里駅6番出口東へ徒歩５分。近鉄今里駅徒歩５分,エリア ： 大阪府 > 鶴橋・平野,2016-03-27 10:23:31,2016-03-27 10:23:31,"￥8,148〜","（￥4,074〜/人）",,,,,,,,,,,,,,,,,,,,,,,,,,,,,,,,,,,,,,,,,,,,,,,,,,,,,,,,,,,,,,,,,,,,,,,,,,,,
5931,石切温泉　ホテルセイリュウ,/yad312826/?stayCount=1&roomCount=1&adultNum=2&stayDay=&stayYear=&stayMonth=&dateUndecided=1&distCd=01&roomCrack=200000&screenId=UWW1402&yadNo=312826&callbackHistFlg=1,大阪市内から30分、地上70階相当に位置する当館は夜景の人気スポット。日本の森の四季をイメ−ジしたコンフォ−トフロア〜青龍の森〜・「石切の里プレミアム」「アジアンスウィ−ト」など多彩な客室,【アクセス】大阪・奈良から電車・車で約30分、京都からでも約１時間と、大変便利な施設です,エリア ： 大阪府 > 東大阪・八尾,2016-03-27 10:23:31,2016-03-27 10:23:31,"￥19,600〜","（￥9,800〜/人）",,,,,,,,,,,,,,,,,,,,,,,,,,,,,,,,,,,,,,,,,,,,,,,,,,,,,,,,,,,,,,,,,,,,,,,,,,,,
5932,リッチモンドホテル東大阪,/yad316640/?stayCount=1&roomCount=1&adultNum=2&stayDay=&stayYear=&stayMonth=&dateUndecided=1&distCd=01&roomCrack=200000&screenId=UWW1402&yadNo=316640&callbackHistFlg=1,７／１７　リニューアルオープン！！地下鉄中央線長田駅すぐ！大きめの１４０センチ幅ベッドと広々デスクをご用意。大阪城や海遊館、大阪市内へも好アクセス。奈良・京都へも簡単アクセス！Wi-Fi全室無料,【アクセス】大阪市営地下鉄中央線長田駅・近鉄けいはんな線長田駅下車、１番出口より前方へ徒歩２分,エリア ： 大阪府 > 東大阪・八尾,2016-03-27 10:23:31,2016-03-27 10:23:31,"￥8,333〜","（￥4,166〜/人）",,,,,,,,,,,,,,,,,,,,,,,,,,,,,,,,,,,,,,,,,,,,,,,,,,,,,,,,,,,,,,,,,,,,,,,,,,,,
5933,Ｕ・コミュニティホテル,/yad335180/?stayCount=1&roomCount=1&adultNum=2&stayDay=&stayYear=&stayMonth=&dateUndecided=1&distCd=01&roomCrack=200000&screenId=UWW1402&yadNo=335180&callbackHistFlg=1,近鉄奈良線河内小阪駅から徒歩２分の好立地。ビジネス、観光に最適のアクセス。全客室Wi-Fi無料。「ワンランク上の高級感ある客室が自慢」広めのバスルームと豊富なアメニティでゆっくりお寛ぎ下さい。,【アクセス】近鉄奈良線河内小阪駅より北へ徒歩２分。,エリア ： 大阪府 > 東大阪・八尾,2016-03-27 10:23:31,2016-03-27 10:23:31,"￥7,870〜","（￥3,935〜/人）",,,,,,,,,,,,,,,,,,,,,,,,,,,,,,,,,,,,,,,,,,,,,,,,,,,,,,,,,,,,,,,,,,,,,,,,,,,,
5934,八尾天然温泉　八尾グランドホテル,/yad371176/?stayCount=1&roomCount=1&adultNum=2&stayDay=&stayYear=&stayMonth=&dateUndecided=1&distCd=01&roomCrack=200000&screenId=UWW1402&yadNo=371176&callbackHistFlg=1,大阪主要都市≪天王寺・難波・梅田≫までもアクセス便利★JR・近鉄八尾駅・久宝寺駅より無料送迎バスが40分おきに運行しております♪秘湯の八尾温泉と無料で楽しめるトップクラスの劇団の大衆演劇が人気★,【アクセス】近鉄八尾駅より無料送迎バスにて約10分（JR八尾駅より約20分）/近畿自動車道八尾ICより約10分,エリア ： 大阪府 > 東大阪・八尾,2016-03-27 10:23:31,2016-03-27 10:23:31,"￥16,559〜","（￥8,279〜/人）",,,,,,,,,,,,,,,,,,,,,,,,,,,,,,,,,,,,,,,,,,,,,,,,,,,,,,,,,,,,,,,,,,,,,,,,,,,,
5935,八尾ターミナルホテル本館,/yad393251/?stayCount=1&roomCount=1&adultNum=2&stayDay=&stayYear=&stayMonth=&dateUndecided=1&distCd=01&roomCrack=200000&screenId=UWW1402&yadNo=393251&callbackHistFlg=1,個別空調と常設のマイナスイオン空気清浄機で快適安眠!コーヒーのおいしい駅前老舗喫茶店で朝食サービス!提携駐車場もございますので車でのお泊りも安心!,【アクセス】近鉄大阪線「近鉄八尾駅」中央口より徒歩2分,エリア ： 大阪府 > 東大阪・八尾,2016-03-27 10:23:31,2016-03-27 10:23:31,"￥8,314〜","（￥4,157〜/人）",,,,,,,,,,,,,,,,,,,,,,,,,,,,,,,,,,,,,,,,,,,,,,,,,,,,,,,,,,,,,,,,,,,,,,,,,,,,
5936,ホテルＮＣＢ,/yad316429/?stayCount=1&roomCount=1&adultNum=2&stayDay=&stayYear=&stayMonth=&dateUndecided=1&distCd=01&roomCrack=200000&screenId=UWW1402&yadNo=316429&callbackHistFlg=1,大阪で食べて笑って遊んでって！泊ってって！コンサートアンコールもいつまでもねだってもらってもお帰り安心♪フロント２４時間でＵＳＪから遅くなっても大丈夫。,【アクセス】◆京阪中之島駅,エリア ： 大阪府 > 梅田・中之島・福島・天満,2016-03-27 10:23:31,2016-03-27 10:23:31,"￥5,185〜","（￥2,592〜/人）",,,,,,,,,,,,,,,,,,,,,,,,,,,,,,,,,,,,,,,,,,,,,,,,,,,,,,,,,,,,,,,,,,,,,,,,,,,,
5937,ザ・ホテルノース大阪,/yad317610/?stayCount=1&roomCount=1&adultNum=2&stayDay=&stayYear=&stayMonth=&dateUndecided=1&distCd=01&roomCrack=200000&screenId=UWW1402&yadNo=317610&callbackHistFlg=1,♪大阪の玄関口というロケーションの良さ！海遊館・USJ・大阪城ホールなど便利！コンビニ・飲食・娯楽街も近く！手ごろな料金が魅力！大阪駅から徒歩約10分！ビジネスホテル,【アクセス】ＪＲ大阪駅御堂筋口〜又は大阪駅中央南口より御堂筋に沿って南へ大阪駅より徒歩約10分,エリア ： 大阪府 > 梅田・中之島・福島・天満,2016-03-27 10:23:31,2016-03-27 10:23:31,"￥6,944〜","（￥3,472〜/人）",,,,,,,,,,,,,,,,,,,,,,,,,,,,,,,,,,,,,,,,,,,,,,,,,,,,,,,,,,,,,,,,,,,,,,,,,,,,
5938,大阪東急REIホテル（旧 大阪東急イン）,/yad324342/?stayCount=1&roomCount=1&adultNum=2&stayDay=&stayYear=&stayMonth=&dateUndecided=1&distCd=01&roomCrack=200000&screenId=UWW1402&yadNo=324342&callbackHistFlg=1,全館Wi-Fi対応！2013年7月全客室改装！大阪キタの中心地、道頓堀・甲子園・海遊館・通天閣なども30分圏内。京都・奈良・神戸へのアクセスも抜群！加湿機能付き空気清浄機や消臭スプレーなどアメニティも◎,【アクセス】ＪＲ大阪駅、地下鉄、各私鉄梅田駅より徒歩約１０分。阪神高速梅田出口より約５分。,エリア ： 大阪府 > 梅田・中之島・福島・天満,2016-03-27 10:23:31,2016-03-27 10:23:31,"￥7,407〜","（￥3,703〜/人）",,,,,,,,,,,,,,,,,,,,,,,,,,,,,,,,,,,,,,,,,,,,,,,,,,,,,,,,,,,,,,,,,,,,,,,,,,,,
5939,リーガロイヤルホテル,/yad330143/?stayCount=1&roomCount=1&adultNum=2&stayDay=&stayYear=&stayMonth=&dateUndecided=1&distCd=01&roomCrack=200000&screenId=UWW1402&yadNo=330143&callbackHistFlg=1,TripAdvisor「朝食のおいしいホテル」3年連続で大阪TOP！ルームサービスも選べる朝食が好評☆ホテル地下直結「京阪中之島駅」より京都へのアクセスも◎USJまでは毎朝1便、無料直通バスを運行(予約制)。,【アクセス】京阪中之島線・中之島駅直結。JR大阪駅(桜橋出口)高架下より無料シャトルバス有。,エリア ： 大阪府 > 梅田・中之島・福島・天満,2016-03-27 10:23:31,2016-03-27 10:23:31,"￥11,111〜","（￥5,555〜/人）",,,,,,,,,,,,,,,,,,,,,,,,,,,,,,,,,,,,,,,,,,,,,,,,,,,,,,,,,,,,,,,,,,,,,,,,,,,,
5940,帝国ホテル大阪,/yad336174/?stayCount=1&roomCount=1&adultNum=2&stayDay=&stayYear=&stayMonth=&dateUndecided=1&distCd=01&roomCrack=200000&screenId=UWW1402&yadNo=336174&callbackHistFlg=1,格式高い空間と代々受け継がれた帝国ホテル伝統の「おもてなしの心」ですべてのゲストに寛ぎと安らぎの時間をご提供します。,【アクセス】JR環状線「桜ノ宮」駅西出口より徒歩約5分,エリア ： 大阪府 > 梅田・中之島・福島・天満,2016-03-27 10:23:31,2016-03-27 10:23:31,"￥16,666〜","（￥8,333〜/人）",,,,,,,,,,,,,,,,,,,,,,,,,,,,,,,,,,,,,,,,,,,,,,,,,,,,,,,,,,,,,,,,,,,,,,,,,,,,
5941,ホテル阪急インターナショナル,/yad342175/?stayCount=1&roomCount=1&adultNum=2&stayDay=&stayYear=&stayMonth=&dateUndecided=1&distCd=01&roomCrack=200000&screenId=UWW1402&yadNo=342175&callbackHistFlg=1,京都・神戸・奈良など観光地も日帰り圏内にある抜群のロケーション。大理石のバスルーム、ハホニコ製のオリジナルアメニティやバスローブ等女性が嬉しい充実のサービス。Wi-Fi・VODも無料で長期ステイにも◎,【アクセス】阪急梅田駅下車徒歩約3分、JR大阪駅下車徒歩約10分。阪神高速11号池田線梅田出口より約10分,エリア ： 大阪府 > 梅田・中之島・福島・天満,2016-03-27 10:23:31,2016-03-27 10:23:31,"￥17,592〜","（￥8,796〜/人）",,,,,,,,,,,,,,,,,,,,,,,,,,,,,,,,,,,,,,,,,,,,,,,,,,,,,,,,,,,,,,,,,,,,,,,,,,,,
5942,堂島ホテル,/yad355942/?stayCount=1&roomCount=1&adultNum=2&stayDay=&stayYear=&stayMonth=&dateUndecided=1&distCd=01&roomCrack=200000&screenId=UWW1402&yadNo=355942&callbackHistFlg=1,「オーセンティックモダン」をコンセプトに、シンプルな中に遊び心を込めた客室。家具デザインは「graf」が手がけ、こだわり抜いたアメニティ…、オーセンティックな空間が大切な人との時間を演出します。,【アクセス】JR北新地駅、地下鉄西梅田駅より徒歩3分,エリア ： 大阪府 > 梅田・中之島・福島・天満,2016-03-27 10:23:31,2016-03-27 10:23:31,"￥12,962〜","（￥6,481〜/人）",,,,,,,,,,,,,,,,,,,,,,,,,,,,,,,,,,,,,,,,,,,,,,,,,,,,,,,,,,,,,,,,,,,,,,,,,,,,
5943,東横イン梅田中津２,/yad363790/?stayCount=1&roomCount=1&adultNum=2&stayDay=&stayYear=&stayMonth=&dateUndecided=1&distCd=01&roomCrack=200000&screenId=UWW1402&yadNo=363790&callbackHistFlg=1,中津駅より徒歩６分。JR大阪駅より無料送迎サービスあり♪　健康朝食無料サービスやWEB環境充実（全室にWiFiと有線LAN完備）など出張・レジャー様々なご用途にご活用いただけるアクセス抜群の東横インです,【アクセス】中津駅より徒歩にて６分。JR『大阪駅』より無料送迎バスサービスあり（約7分）,エリア ： 大阪府 > 梅田・中之島・福島・天満,2016-03-27 10:23:31,2016-03-27 10:23:31,"￥7,100〜","（￥3,550〜/人）",,,,,,,,,,,,,,,,,,,,,,,,,,,,,,,,,,,,,,,,,,,,,,,,,,,,,,,,,,,,,,,,,,,,,,,,,,,,
5944,Ｄｒｏｐ　Ｉｎｎ　Ｏｓａｋａ　,/yad364666/?stayCount=1&roomCount=1&adultNum=2&stayDay=&stayYear=&stayMonth=&dateUndecided=1&distCd=01&roomCrack=200000&screenId=UWW1402&yadNo=364666&callbackHistFlg=1,ドロップイン大阪は、ホテルとは異なり、ゲスト同士がコミュニケーションすることを目的とした施設です。※2016年1月23日から26日はエレベーター使用不可となります,【アクセス】ＪＲ　大阪駅より徒歩にて約７分。,エリア ： 大阪府 > 梅田・中之島・福島・天満,2016-03-27 10:23:31,2016-03-27 10:23:31,"￥7,962〜",（￥-/室）,,,,,,,,,,,,,,,,,,,,,,,,,,,,,,,,,,,,,,,,,,,,,,,,,,,,,,,,,,,,,,,,,,,,,,,,,,,,
5945,ホテルリブマックス梅田,/yad385298/?stayCount=1&roomCount=1&adultNum=2&stayDay=&stayYear=&stayMonth=&dateUndecided=1&distCd=01&roomCrack=200000&screenId=UWW1402&yadNo=385298&callbackHistFlg=1,【全室無料Wi-Fi完備】ちょっぴり場所はわかりにくいが梅田へもアクセス良好な隠れ家的ホテル。長期滞在にも便利な電子レンジ、電気ポットを完備☆空気清浄機も完備いたしております。,【アクセス】阪急梅田駅の茶屋町側出口より徒歩15分　／　地下鉄谷町線中崎町駅４番出口より徒歩7分,エリア ： 大阪府 > 梅田・中之島・福島・天満,2016-03-27 10:23:31,2016-03-27 10:23:31,"￥5,740〜","（￥2,870〜/人）",,,,,,,,,,,,,,,,,,,,,,,,,,,,,,,,,,,,,,,,,,,,,,,,,,,,,,,,,,,,,,,,,,,,,,,,,,,,
5946,大正浪漫の趣き　天見温泉　南天苑,/yad313188/?stayCount=1&roomCount=1&adultNum=2&stayDay=&stayYear=&stayMonth=&dateUndecided=1&distCd=01&roomCrack=200000&screenId=UWW1402&yadNo=313188&callbackHistFlg=1,東京駅などを手がけた建築家『辰野金吾』によって建てられた館内は――国の有形文化財に指定――表情豊かな【三千坪の日本庭園】を眺めながらご好評の夕食を“お部屋”にてお愉しみ頂けます,【アクセス】南海高野線天見駅下車すぐ,エリア ： 大阪府 > 富田林・河内長野,2016-03-27 10:23:31,2016-03-27 10:23:31,"￥14,000〜","（￥7,000〜/人）",,,,,,,,,,,,,,,,,,,,,,,,,,,,,,,,,,,,,,,,,,,,,,,,,,,,,,,,,,,,,,,,,,,,,,,,,,,,
5947,かんぽの宿　富田林,/yad398054/?stayCount=1&roomCount=1&adultNum=2&stayDay=&stayYear=&stayMonth=&dateUndecided=1&distCd=01&roomCrack=200000&screenId=UWW1402&yadNo=398054&callbackHistFlg=1,雄々しい金剛山を背に摂河泉を一望し、朝夕の絶景を楽しめる嶽山山頂の宿。露天風呂からの絶景、展望室からの３６０度パノラマと夜景が評判です。『ナンバ・道頓堀・新世界』大阪市内まで車で約１時間。,【アクセス】近鉄阿部野橋駅から近鉄長野線準急で約３０分富田林駅下車　　駅から定期送迎バスで約２０分,エリア ： 大阪府 > 富田林・河内長野,2016-03-27 10:23:31,2016-03-27 10:23:31,"￥20,370〜","（￥10,185〜/人）",,,,,,,,,,,,,,,,,,,,,,,,,,,,,,,,,,,,,,,,,,,,,,,,,,,,,,,,,,,,,,,,,,,,,,,,,,,,
5948,スーパーホテルＬｏｈａｓ地下鉄四つ橋線・本町２４号口,/yad308796/?stayCount=1&roomCount=1&adultNum=2&stayDay=&stayYear=&stayMonth=&dateUndecided=1&distCd=01&roomCrack=200000&screenId=UWW1402&yadNo=308796&callbackHistFlg=1,心と体、そして地球にやさしい寛ぎを。地球も人も、もっと元気に。国内5店舗目のLohasブランドとなる当館では、さらに洗練されたLohasなサービスを取り揃え、皆様をお待ち致しております。,【アクセス】大阪市営地下鉄四つ橋線本町駅24番出口より徒歩0分,エリア ： 大阪府 > 淀屋橋・北浜・本町,2016-03-27 10:23:31,2016-03-27 10:23:31,"￥9,259〜","（￥4,629〜/人）",,,,,,,,,,,,,,,,,,,,,,,,,,,,,,,,,,,,,,,,,,,,,,,,,,,,,,,,,,,,,,,,,,,,,,,,,,,,
5949,ホテルルートイン大阪本町,/yad310940/?stayCount=1&roomCount=1&adultNum=2&stayDay=&stayYear=&stayMonth=&dateUndecided=1&distCd=01&roomCrack=200000&screenId=UWW1402&yadNo=310940&callbackHistFlg=1,おかげ様で10周年♪♪最上階に大浴場を完備！！全室Wi-Fi＆有線LANのダブル無料接続対応。和洋バイキング朝食無料サービス。地下鉄阿波座駅より徒歩2分の好立地！大阪キタ・ミナミへも電車で約15分♪,【アクセス】大阪市営地下鉄中央線阿波座駅１号出口より徒歩２分／大阪環状線（阪神高速）　信濃橋ICより車で３分。,エリア ： 大阪府 > 淀屋橋・北浜・本町,2016-03-27 10:23:31,2016-03-27 10:23:31,"￥13,194〜","（￥6,597〜/人）",,,,,,,,,,,,,,,,,,,,,,,,,,,,,,,,,,,,,,,,,,,,,,,,,,,,,,,,,,,,,,,,,,,,,,,,,,,,
5950,アリエッタホテル大阪,/yad311228/?stayCount=1&roomCount=1&adultNum=2&stayDay=&stayYear=&stayMonth=&dateUndecided=1&distCd=01&roomCrack=200000&screenId=UWW1402&yadNo=311228&callbackHistFlg=1,　こだわりのインテリアとやすらぎの空間をご提供。広々バスルームで癒しのひとときを。大阪市内のほぼ中心という立地。毎朝、無料朝食サービスをご用意。,【アクセス】地下鉄御堂筋線本町駅1番出口を出て左に徒歩3分・3番出口を出て右、すぐの通りを右に徒歩5分,エリア ： 大阪府 > 淀屋橋・北浜・本町,2016-03-27 10:23:31,2016-03-27 10:23:31,"￥9,722〜","（￥4,861〜/人）",,,,,,,,,,,,,,,,,,,,,,,,,,,,,,,,,,,,,,,,,,,,,,,,,,,,,,,,,,,,,,,,,,,,,,,,,,,,
5951,チサンイン梅田,/yad311355/?stayCount=1&roomCount=1&adultNum=2&stayDay=&stayYear=&stayMonth=&dateUndecided=1&distCd=01&roomCrack=200000&screenId=UWW1402&yadNo=311355&callbackHistFlg=1,ファミリー・カップルにおすすめの客室は、洋室と三畳併設の和洋室タイプがございます。全室、WiFi／ＬＡＮ回線・洗濯機・浴室乾燥機・電子レンジ・個別空調完備。ビジネス・観光にも最適の駅近立地です。,【アクセス】地下鉄四ツ橋線「肥後橋」駅５Ａ出口右隣、地下鉄御堂筋線「淀屋橋」駅３番出口より徒歩５分,エリア ： 大阪府 > 淀屋橋・北浜・本町,2016-03-27 10:23:31,2016-03-27 10:23:31,"￥8,333〜","（￥4,166〜/人）",,,,,,,,,,,,,,,,,,,,,,,,,,,,,,,,,,,,,,,,,,,,,,,,,,,,,,,,,,,,,,,,,,,,,,,,,,,,
5952,シティプラザ大阪〜HOTEL & SPA〜,/yad312559/?stayCount=1&roomCount=1&adultNum=2&stayDay=&stayYear=&stayMonth=&dateUndecided=1&distCd=01&roomCrack=200000&screenId=UWW1402&yadNo=312559&callbackHistFlg=1,最上階にスパゾーンを設け、夜空を眺めながらの露天風呂（天然温泉）をお楽しみ頂けます。訪れたすべてのお客様が五感のすべてがホッとする、そして元気になる、最高のリラックスををご用意いたします。,【アクセス】地下鉄堺筋線・中央線堺筋本町駅　1又は12号出口より徒歩6分　マイドーム大阪隣接。,エリア ： 大阪府 > 淀屋橋・北浜・本町,2016-03-27 10:23:31,2016-03-27 10:23:31,"￥12,222〜","（￥6,111〜/人）",,,,,,,,,,,,,,,,,,,,,,,,,,,,,,,,,,,,,,,,,,,,,,,,,,,,,,,,,,,,,,,,,,,,,,,,,,,,
5953,東横イン大阪船場,/yad321147/?stayCount=1&roomCount=1&adultNum=2&stayDay=&stayYear=&stayMonth=&dateUndecided=1&distCd=01&roomCrack=200000&screenId=UWW1402&yadNo=321147&callbackHistFlg=1,難波まで２駅（徒歩圏内）大阪城ホール・京セラドームへも交通至便観光やお仕事に便利！お買い物にも激安ショップが沢山あります☆,【アクセス】地下鉄本町駅から徒歩１０分　堺筋本町駅から徒歩５分,エリア ： 大阪府 > 淀屋橋・北浜・本町,2016-03-27 10:23:31,2016-03-27 10:23:31,"￥7,600〜","（￥3,800〜/人）",,,,,,,,,,,,,,,,,,,,,,,,,,,,,,,,,,,,,,,,,,,,,,,,,,,,,,,,,,,,,,,,,,,,,,,,,,,,
5954,チサンイン大阪ほんまち,/yad321788/?stayCount=1&roomCount=1&adultNum=2&stayDay=&stayYear=&stayMonth=&dateUndecided=1&distCd=01&roomCrack=200000&screenId=UWW1402&yadNo=321788&callbackHistFlg=1,心斎橋、本町駅から徒歩12分、堺筋本町駅から徒歩8分。高い利便性で快適なご滞在を。シングルは１４０センチ幅のベッドを採用。WIFI、LAN回線有り、ビジネスからレジャーまで様々な用途でご利用いただけます,【アクセス】地下鉄御堂筋線本町駅・心斎橋駅から徒歩12分,エリア ： 大阪府 > 淀屋橋・北浜・本町,2016-03-27 10:23:31,2016-03-27 10:23:31,"￥8,611〜","（￥4,305〜/人）",,,,,,,,,,,,,,,,,,,,,,,,,,,,,,,,,,,,,,,,,,,,,,,,,,,,,,,,,,,,,,,,,,,,,,,,,,,,
5955,アパホテル＜大阪肥後橋駅前＞,/yad346744/?stayCount=1&roomCount=1&adultNum=2&stayDay=&stayYear=&stayMonth=&dateUndecided=1&distCd=01&roomCrack=200000&screenId=UWW1402&yadNo=346744&callbackHistFlg=1,◆地上３０階の高層ホテル全８５０室◆『肥後橋駅』,,エリア ： 大阪府 > 淀屋橋・北浜・本町,2016-03-27 10:23:31,2016-03-27 10:23:31,"￥6,944〜","（￥3,472〜/人）",,,,,,,,,,,,,,,,,,,,,,,,,,,,,,,,,,,,,,,,,,,,,,,,,,,,,,,,,,,,,,,,,,,,,,,,,,,,
5956,ヴィアーレ大阪（東急ホテルズ提携ホテル）,/yad379049/?stayCount=1&roomCount=1&adultNum=2&stayDay=&stayYear=&stayMonth=&dateUndecided=1&distCd=01&roomCrack=200000&screenId=UWW1402&yadNo=379049&callbackHistFlg=1,ビジネス街でありながらも、客室は明るく広めの設計　☆コンビニエンスストアも徒歩２分と便利　☆全室インターネット接続LANポート・Wi-Fi完備！！　！□■梅田・難波の中心に位置し、フットワーク抜群■□,【アクセス】地下鉄御堂筋線｢本町｣駅,エリア ： 大阪府 > 淀屋橋・北浜・本町,2016-03-27 10:23:31,2016-03-27 10:23:31,"￥13,333〜","（￥6,666〜/人）",,,,,,,,,,,,,,,,,,,,,,,,,,,,,,,,,,,,,,,,,,,,,,,,,,,,,,,,,,,,,,,,,,,,,,,,,,,,
5957,アパホテル＜御堂筋本町駅前＞,/yad386787/?stayCount=1&roomCount=1&adultNum=2&stayDay=&stayYear=&stayMonth=&dateUndecided=1&distCd=01&roomCrack=200000&screenId=UWW1402&yadNo=386787&callbackHistFlg=1,地下鉄本町駅から徒歩2分の好立地！大阪駅、なんば駅、新大阪駅、天王寺駅へは乗換なし！ＵＳＪや海遊館、インテックス大阪、京セラドームへも好アクセス！チェックイン時ご清算は自動清算機をご案内☆,【アクセス】地下鉄御堂筋線・中央線・四つ橋線「本町」駅下車徒歩2分。（新大阪より電車で12分！）,エリア ： 大阪府 > 淀屋橋・北浜・本町,2016-03-27 10:23:31,2016-03-27 10:23:31,"￥6,481〜","（￥3,240〜/人）",,,,,,,,,,,,,,,,,,,,,,,,,,,,,,,,,,,,,,,,,,,,,,,,,,,,,,,,,,,,,,,,,,,,,,,,,,,,
5958,ダイワロイネットホテル大阪北浜,/yad397985/?stayCount=1&roomCount=1&adultNum=2&stayDay=&stayYear=&stayMonth=&dateUndecided=1&distCd=01&roomCrack=200000&screenId=UWW1402&yadNo=397985&callbackHistFlg=1,◆２０１３年５月１７日オープン！◆地下鉄北浜駅直結、梅田から１駅の淀屋橋駅より徒歩８分！◆なんば・梅田・大阪城や京セラドームへのアクセスも抜群！◆全室Wi-Fi＆有線LANのダブル無料接続対応◆,【アクセス】地下鉄堺筋線北浜駅6番直結、地下鉄御堂筋線淀屋橋駅8番出口より徒歩8分、京阪本線北浜駅徒歩3分,エリア ： 大阪府 > 淀屋橋・北浜・本町,2016-03-27 10:23:31,2016-03-27 10:23:31,"￥8,333〜","（￥4,166〜/人）",,,,,,,,,,,,,,,,,,,,,,,,,,,,,,,,,,,,,,,,,,,,,,,,,,,,,,,,,,,,,,,,,,,,,,,,,,,,